# Minimal-area piecewise linear graph; fixed polygonal boundary
v 1 0 0.34999999999999998
v 0.99144486137381038 0.13052619222005157 0.3380740392011739
v 0.96592582628906831 0.25881904510252074 0.30310889132455354
v 0.92387953251128674 0.38268343236508978 0.24748737341529164
v 0.86602540378443871 0.49999999999999994 0.17500000000000002
v 0.79335334029123517 0.60876142900872066 0.090586665785882259
v 0.70710678118654757 0.70710678118654746 0
v 0.60876142900872066 0.79335334029123517 -0.090586665785882203
v 0.50000000000000011 0.8660254037844386 -0.17499999999999993
v 0.38268343236508984 0.92387953251128674 -0.24748737341529159
v 0.25881904510252074 0.96592582628906831 -0.30310889132455354
v 0.13052619222005168 0.99144486137381038 -0.33807403920117385
v 1.1102230246251565e-16 1 -0.34999999999999998
v -0.13052619222005157 0.99144486137381038 -0.33807403920117396
v -0.25881904510252074 0.96592582628906831 -0.30310889132455354
v -0.38268343236508962 0.92387953251128685 -0.2474873734152917
v -0.49999999999999978 0.86602540378443871 -0.17500000000000016
v -0.60876142900872066 0.79335334029123517 -0.090586665785882203
v -0.70710678118654746 0.70710678118654757 -5.5511151231257827e-17
v -0.79335334029123494 0.60876142900872088 0.090586665785882092
v -0.86602540378443882 0.49999999999999994 0.17500000000000002
v -0.92387953251128674 0.38268343236508989 0.24748737341529156
v -0.9659258262890682 0.25881904510252102 0.30310889132455343
v -0.99144486137381049 0.13052619222005199 0.33807403920117379
v -1 1.2246467991473532e-16 0.34999999999999998
v -0.99144486137381049 -0.13052619222005177 0.33807403920117385
v -0.9659258262890682 -0.25881904510252079 0.30310889132455349
v -0.92387953251128696 -0.38268343236508967 0.24748737341529167
v -0.86602540378443882 -0.49999999999999978 0.17500000000000018
v -0.79335334029123517 -0.60876142900872066 0.090586665785882259
v -0.70710678118654791 -0.70710678118654713 4.4408920985006262e-16
v -0.60876142900872088 -0.79335334029123494 -0.090586665785882037
v -0.50000000000000044 -0.86602540378443837 -0.17499999999999971
v -0.38268343236508962 -0.92387953251128685 -0.2474873734152917
v -0.25881904510252074 -0.96592582628906831 -0.30310889132455354
v -0.13052619222005157 -0.99144486137381038 -0.33807403920117396
v -2.2204460492503131e-16 -1 -0.34999999999999998
v 0.13052619222005124 -0.99144486137381049 -0.33807403920117396
v 0.2588190451025203 -0.96592582628906842 -0.30310889132455376
v 0.38268343236508917 -0.92387953251128696 -0.24748737341529192
v 0.50000000000000011 -0.8660254037844386 -0.17499999999999993
v 0.60876142900871988 -0.79335334029123572 -0.090586665785882925
v 0.70710678118654735 -0.70710678118654768 -1.6653345369377348e-16
v 0.79335334029123494 -0.60876142900872088 0.090586665785882037
v 0.86602540378443837 -0.50000000000000044 0.17499999999999968
v 0.92387953251128685 -0.38268343236508956 0.2474873734152917
v 0.96592582628906809 -0.25881904510252157 0.30310889132455321
v 0.99144486137381038 -0.13052619222005168 0.33807403920117385
v 0 -3.2959746043559322e-17 0
v 0.99572243068690525 0.065263096110025787 0.34403701960058697
v 0.49572243068690525 0.065263096110025773 0.079574878734431476
v 0.5 -2.212139377567832e-17 0.082384823309288757
v 0.97868534383143935 0.19467261866128616 0.32059146526286375
v 0.4829629131445341 0.12940952255126034 0.071337912379691282
v 0.94490267940017758 0.32075123873380529 0.27529813236992262
v 0.46193976625564337 0.19134171618254486 0.058238919328891026
v 0.89495246814786267 0.44134171618254486 0.21124368670764582
v 0.43301270189221941 0.24999999999999994 0.041174915962074066
v 0.82968937203783688 0.55438071450436033 0.13279333289294115
v 0.39667667014561758 0.30438071450436033 0.021311216586124337
v 0.75023006073889142 0.65793410509763406 0.045293332892941129
v 0.35355339059327373 0.35355339059327373 0
v 0.65793410509763417 0.75023006073889131 -0.045293332892941129
v 0.30438071450436033 0.39667667014561758 -0.021311216586124282
v 0.55438071450436044 0.82968937203783688 -0.13279333289294104
v 0.25 0.4330127018922193 -0.04117491596207401
v 0.44134171618254503 0.89495246814786267 -0.21124368670764582
v 0.19134171618254492 0.46193976625564337 -0.05823891932889097
v 0.32075123873380529 0.94490267940017758 -0.27529813236992251
v 0.12940952255126037 0.48296291314453416 -0.071337912379691282
v 0.19467261866128616 0.97868534383143935 -0.32059146526286375
v 0.065263096110025787 0.49572243068690519 -0.079574878734431476
v 0.065263096110025898 0.99572243068690525 -0.34403701960058697
v 0 0.5 -0.082384823309288757
v -0.065263096110025787 0.99572243068690525 -0.34403701960058697
v -0.065263096110025787 0.49572243068690519 -0.079574878734431476
v -0.19467261866128616 0.97868534383143935 -0.32059146526286375
v -0.12940952255126037 0.48296291314453416 -0.071337912379691282
v -0.32075123873380518 0.94490267940017758 -0.27529813236992262
v -0.19134171618254481 0.46193976625564342 -0.058238919328891026
v -0.44134171618254481 0.89495246814786278 -0.21124368670764593
v -0.25 0.43301270189221935 -0.04117491596207401
v -0.55438071450436022 0.82968937203783688 -0.13279333289294115
v -0.30438071450436022 0.39667667014561758 -0.021311216586124337
v -0.65793410509763417 0.75023006073889142 -0.045293332892941129
v -0.35355339059327373 0.35355339059327379 0
v -0.7502300607388912 0.65793410509763417 0.045293332892941018
v -0.39667667014561747 0.30438071450436044 0.021311216586124282
v -0.82968937203783688 0.55438071450436044 0.13279333289294104
v -0.43301270189221941 0.24999999999999994 0.041174915962074066
v -0.89495246814786267 0.44134171618254492 0.21124368670764579
v -0.46193976625564348 0.19134171618254492 0.058238919328891026
v -0.94490267940017736 0.32075123873380545 0.27529813236992251
v -0.4829629131445341 0.12940952255126048 0.071337912379691226
v -0.97868534383143935 0.19467261866128649 0.32059146526286364
v -0.49572243068690525 0.065263096110025981 0.079574878734431476
v -0.99572243068690525 0.06526309611002605 0.34403701960058686
v -0.5 3.9110946181689346e-17 0.082384823309288757
v -0.99572243068690525 -0.065263096110025828 0.34403701960058691
v -0.49572243068690525 -0.065263096110025898 0.079574878734431476
v -0.97868534383143935 -0.19467261866128627 0.32059146526286364
v -0.4829629131445341 -0.12940952255126043 0.071337912379691226
v -0.94490267940017758 -0.32075123873380523 0.27529813236992257
v -0.46193976625564348 -0.19134171618254486 0.058238919328891026
v -0.89495246814786289 -0.4413417161825447 0.21124368670764593
v -0.43301270189221941 -0.24999999999999992 0.041174915962074066
v -0.8296893720378371 -0.55438071450436022 0.13279333289294121
v -0.39667667014561747 -0.30438071450436033 0.021311216586124282
v -0.75023006073889142 -0.65793410509763395 0.045293332892941351
v -0.35355339059327395 -0.35355339059327356 5.5511151231257827e-17
v -0.65793410509763439 -0.75023006073889098 -0.045293332892940796
v -0.30438071450436044 -0.39667667014561747 -0.021311216586124282
v -0.55438071450436066 -0.82968937203783666 -0.13279333289294087
v -0.25000000000000022 -0.43301270189221919 -0.041174915962073955
v -0.44134171618254503 -0.89495246814786267 -0.21124368670764571
v -0.19134171618254481 -0.46193976625564342 -0.058238919328891026
v -0.32075123873380518 -0.94490267940017758 -0.27529813236992262
v -0.12940952255126037 -0.48296291314453416 -0.071337912379691282
v -0.19467261866128616 -0.97868534383143935 -0.32059146526286375
v -0.065263096110025787 -0.49572243068690519 -0.079574878734431476
v -0.065263096110026009 -0.99572243068690525 -0.34403701960058697
v 0 -0.5 -0.082384823309288813
v 0.065263096110025565 -0.99572243068690525 -0.34403701960058697
v 0.065263096110025565 -0.49572243068690525 -0.079574878734431531
v 0.19467261866128571 -0.97868534383143946 -0.32059146526286386
v 0.12940952255126015 -0.48296291314453421 -0.071337912379691337
v 0.32075123873380473 -0.94490267940017769 -0.27529813236992284
v 0.19134171618254459 -0.46193976625564348 -0.058238919328891081
v 0.44134171618254459 -0.89495246814786278 -0.21124368670764593
v 0.25 -0.4330127018922193 -0.04117491596207401
v 0.55438071450435999 -0.8296893720378371 -0.13279333289294143
v 0.30438071450435999 -0.39667667014561786 -0.021311216586124448
v 0.65793410509763361 -0.75023006073889165 -0.045293332892941573
v 0.35355339059327373 -0.35355339059327384 0
v 0.7502300607388912 -0.65793410509763428 0.045293332892940907
v 0.39667667014561747 -0.30438071450436044 0.021311216586124282
v 0.82968937203783666 -0.55438071450436066 0.13279333289294087
v 0.43301270189221919 -0.25000000000000022 0.04117491596207401
v 0.89495246814786267 -0.44134171618254503 0.21124368670764571
v 0.46193976625564348 -0.19134171618254481 0.058238919328891081
v 0.94490267940017747 -0.32075123873380557 0.27529813236992245
v 0.4829629131445341 -0.12940952255126081 0.071337912379691226
v 0.97868534383143924 -0.19467261866128663 0.32059146526286353
v 0.49572243068690525 -0.065263096110025856 0.079574878734431531
v 0.99572243068690525 -0.065263096110025842 0.34403701960058691
v 0.99786121534345262 0.032631548055012893 0.34701850980029347
v 0.74786121534345262 0.032631548055012879 0.18824567044655618
v 0.75 -1.2673432652310465e-17 0.18971660587502029
v 0.99358364603035776 0.09789464416503868 0.34105552940088041
v 0.74358364603035776 0.09789464416503868 0.18324917256228065
v 0.74572243068690525 0.065263096110025787 0.18609030338859289
v 0.49786121534345262 0.032631548055012873 0.081323388761664284
v 0.24786121534345262 0.032631548055012873 0.019624314920232533
v 0.25 -2.881214061366944e-17 0.020317411709107391
v 0.98506510260262492 0.16259940544066886 0.3293327522320188
v 0.7372038872591723 0.12996785738565597 0.1775669471855357
v 0.97230558506025377 0.22674583188190345 0.31185017829370865
v 0.72444436971680126 0.19411428382689055 0.16428823413549187
v 0.73082412848798672 0.16204107060627326 0.1712479246994128
v 0.48934267191571967 0.09733630933064305 0.075776493853657312
v 0.24148145657226705 0.064704761275630157 0.017592712890665829
v 0.95541425284462289 0.28978514191816301 0.28920351184723808
v 0.71393279627235584 0.22508038064253283 0.15478300725811953
v 0.93439110595573216 0.35171733554944751 0.26139275289260711
v 0.692909649383465 0.28701257427381732 0.13412900451035609
v 0.70342122282791042 0.2560464774581751 0.14473192280967584
v 0.47245133970008868 0.16037561936690259 0.065063235123391183
v 0.23096988312782174 0.095670858091272418 0.014362172569750975
v 0.9094160003295747 0.41201257427381732 0.22936553006146873
v 0.67844611720175307 0.31634171618254486 0.12145044877971031
v 0.88048893596615074 0.4706708580912724 0.19312184335382293
v 0.649519052838329 0.37499999999999994 0.094833164526074876
v 0.66398258502004104 0.3456708580912724 0.1083542657723213
v 0.44747623407393133 0.2206708580912724 0.049917729537690358
v 0.2165063509461097 0.12499999999999996 0.010154002074851676
v 0.84785738791113785 0.52719035725218011 0.1538966664464706
v 0.63135103696502815 0.40219035725218011 0.079847133097560308
v 0.81152135616453602 0.58157107175654055 0.11168999933941171
v 0.59501500521842643 0.45657107175654049 0.049084612242275949
v 0.61318302109172729 0.42938071450436033 0.064600179585141249
v 0.41484468601891855 0.27719035725218011 0.031375546017314682
v 0.19833833507280874 0.15219035725218014 0.0052554902012728055
v 0.77179170051506329 0.6333477670531773 0.067939999339411694
v 0.57345336544225445 0.48115740980099719 0.032812084578515532
v 0.72866842096271944 0.68252044314209082 0.022646666446470565
v 0.53033008588991071 0.5303300858899106 0
v 0.55189172566608258 0.50574374784545384 0.016453076848545745
v 0.37511503036944571 0.32896705254881703 0.010700785528836854
v 0.17677669529663687 0.17677669529663684 0
v 0.68252044314209082 0.72866842096271944 -0.022646666446470565
v 0.50574374784545395 0.55189172566608247 -0.016453076848545689
v 0.63334776705317741 0.77179170051506318 -0.067939999339411639
v 0.45657107175654055 0.59501500521842643 -0.049084612242275949
v 0.48115740980099719 0.57345336544225445 -0.032812084578515532
v 0.32896705254881708 0.37511503036944566 -0.010700785528836798
v 0.15219035725218011 0.19833833507280876 -0.0052554902012728055
v 0.58157107175654055 0.81152135616453602 -0.11168999933941159
v 0.42938071450436033 0.61318302109172729 -0.064600179585141193
v 0.52719035725218022 0.84785738791113774 -0.15389666644647049
v 0.375 0.649519052838329 -0.09483316452607482
v 0.40219035725218022 0.63135103696502815 -0.079847133097560252
v 0.27719035725218011 0.41484468601891844 -0.031375546017314626
v 0.125 0.21650635094610962 -0.01015400207485162
v 0.47067085809127263 0.88048893596615063 -0.19312184335382288
v 0.34567085809127251 0.66398258502004093 -0.10835426577232121
v 0.41201257427381743 0.9094160003295747 -0.22936553006146865
v 0.28701257427381743 0.692909649383465 -0.13412900451035603
v 0.31634171618254503 0.67844611720175307 -0.12145044877971028
v 0.2206708580912724 0.44747623407393133 -0.049917729537690303
v 0.095670858091272404 0.23096988312782166 -0.014362172569750975
v 0.35171733554944762 0.93439110595573216 -0.26139275289260711
v 0.2560464774581751 0.70342122282791042 -0.14473192280967578
v 0.28978514191816296 0.955414252844623 -0.28920351184723803
v 0.19411428382689055 0.72444436971680126 -0.16428823413549187
v 0.22508038064253277 0.71393279627235584 -0.15478300725811955
v 0.16037561936690259 0.47245133970008879 -0.065063235123391183
v 0.064704761275630185 0.24148145657226705 -0.017592712890665829
v 0.22674583188190345 0.97230558506025377 -0.31185017829370865
v 0.16204107060627326 0.73082412848798672 -0.17124792469941275
v 0.16259940544066898 0.98506510260262492 -0.32933275223201874
v 0.097894644165038791 0.74358364603035776 -0.18324917256228057
v 0.12996785738565597 0.7372038872591723 -0.17756694718553567
v 0.097336309330643078 0.48934267191571967 -0.075776493853657312
v 0.032631548055012893 0.24786121534345257 -0.019624314920232533
v 0.097894644165038791 0.99358364603035776 -0.34105552940088046
v 0.065263096110025787 0.74572243068690525 -0.18609030338859289
v 0.032631548055013004 0.99786121534345262 -0.34701850980029347
v 0 0.75 -0.18971660587502026
v 0.032631548055013004 0.74786121534345262 -0.18824567044655616
v 0.032631548055012893 0.49786121534345262 -0.081323388761664284
v 0 0.24999999999999997 -0.020317411709107391
v -0.032631548055012782 0.99786121534345262 -0.34701850980029347
v -0.032631548055012782 0.74786121534345262 -0.18824567044655616
v -0.097894644165038791 0.99358364603035776 -0.34105552940088046
v -0.097894644165038791 0.74358364603035776 -0.18324917256228057
v -0.065263096110025787 0.74572243068690525 -0.18609030338859289
v -0.032631548055012782 0.49786121534345262 -0.081323388761664284
v -0.032631548055012782 0.24786121534345257 -0.019624314920232533
v -0.16259940544066875 0.98506510260262492 -0.32933275223201885
v -0.12996785738565597 0.7372038872591723 -0.17756694718553567
v -0.22674583188190356 0.97230558506025377 -0.31185017829370865
v -0.19411428382689055 0.72444436971680126 -0.16428823413549187
v -0.16204107060627315 0.73082412848798672 -0.17124792469941275
v -0.097336309330643189 0.48934267191571967 -0.075776493853657312
v -0.064704761275630185 0.24148145657226705 -0.017592712890665829
v -0.28978514191816296 0.955414252844623 -0.28920351184723814
v -0.22508038064253277 0.71393279627235584 -0.15478300725811955
v -0.3517173355494474 0.93439110595573216 -0.26139275289260711
v -0.28701257427381721 0.69290964938346511 -0.13412900451035614
v -0.25604647745817499 0.70342122282791053 -0.14473192280967589
v -0.16037561936690259 0.47245133970008879 -0.065063235123391239
v -0.095670858091272404 0.23096988312782168 -0.014362172569750975
v -0.41201257427381721 0.90941600032957481 -0.22936553006146887
v -0.31634171618254481 0.67844611720175307 -0.12145044877971028
v -0.4706708580912724 0.88048893596615074 -0.19312184335382299
v -0.375 0.649519052838329 -0.09483316452607482
v -0.3456708580912724 0.66398258502004104 -0.10835426577232127
v -0.2206708580912724 0.44747623407393139 -0.049917729537690358
v -0.125 0.21650635094610965 -0.01015400207485162
v -0.52719035725217989 0.84785738791113774 -0.1538966664464706
v -0.40219035725218011 0.63135103696502815 -0.079847133097560252
v -0.58157107175654055 0.81152135616453602 -0.11168999933941171
v -0.45657107175654055 0.59501500521842643 -0.049084612242275949
v -0.42938071450436022 0.61318302109172729 -0.064600179585141249
v -0.27719035725218011 0.41484468601891844 -0.031375546017314626
v -0.15219035725218011 0.19833833507280876 -0.0052554902012728055
v -0.63334776705317752 0.77179170051506329 -0.067939999339411639
v -0.48115740980099719 0.57345336544225445 -0.032812084578515532
v -0.68252044314209082 0.72866842096271944 -0.02264666644647062
v -0.53033008588991049 0.53033008588991071 -5.5511151231257827e-17
v -0.50574374784545384 0.55189172566608258 -0.016453076848545745
v -0.32896705254881686 0.37511503036944571 -0.010700785528836854
v -0.17677669529663698 0.17677669529663687 0
v -0.72866842096271922 0.68252044314209082 0.022646666446470509
v -0.55189172566608247 0.50574374784545395 0.016453076848545689
v -0.77179170051506318 0.63334776705317752 0.067939999339411528
v -0.59501500521842621 0.45657107175654066 0.049084612242275838
v -0.57345336544225445 0.4811574098009973 0.032812084578515532
v -0.37511503036944571 0.32896705254881708 0.010700785528836854
v -0.19833833507280874 0.15219035725218019 0.0052554902012728055
v -0.81152135616453602 0.58157107175654066 0.11168999933941157
v -0.61318302109172729 0.42938071450436044 0.064600179585141193
v -0.84785738791113774 0.52719035725218022 0.15389666644647054
v -0.649519052838329 0.37499999999999994 0.09483316452607482
v -0.63135103696502815 0.40219035725218022 0.079847133097560252
v -0.41484468601891855 0.27719035725218022 0.031375546017314682
v -0.21650635094610982 0.12499999999999996 0.010154002074851676
v -0.88048893596615074 0.4706708580912724 0.1931218433538229
v -0.66398258502004115 0.3456708580912724 0.10835426577232132
v -0.90941600032957481 0.41201257427381743 0.22936553006146868
v -0.692909649383465 0.28701257427381743 0.13412900451035603
v -0.67844611720175307 0.31634171618254492 0.12145044877971028
v -0.44747623407393133 0.22067085809127243 0.049917729537690358
v -0.23096988312782174 0.095670858091272445 0.014362172569750975
v -0.93439110595573194 0.35171733554944767 0.26139275289260699
v -0.70342122282791042 0.25604647745817521 0.14473192280967578
v -0.95541425284462278 0.28978514191816324 0.28920351184723797
v -0.72444436971680126 0.19411428382689075 0.16428823413549187
v -0.71393279627235584 0.22508038064253297 0.1547830072581195
v -0.4724513397000889 0.1603756193669027 0.065063235123391239
v -0.24148145657226694 0.064704761275630227 0.017592712890665774
v -0.97230558506025377 0.22674583188190375 0.31185017829370854
v -0.73082412848798661 0.16204107060627349 0.17124792469941269
v -0.98506510260262492 0.16259940544066925 0.32933275223201869
v -0.74358364603035776 0.097894644165038985 0.18324917256228057
v -0.73720388725917241 0.12996785738565625 0.1775669471855357
v -0.48934267191571967 0.097336309330643231 0.075776493853657312
v -0.24786121534345273 0.032631548055012977 0.019624314920232533
v -0.99358364603035776 0.097894644165039013 0.34105552940088035
v -0.74572243068690525 0.065263096110026009 0.18609030338859286
v -0.99786121534345273 0.032631548055013088 0.34701850980029342
v -0.75 7.9175077283741029e-17 0.18971660587502023
v -0.74786121534345273 0.032631548055013046 0.18824567044655621
v -0.49786121534345273 0.032631548055013011 0.081323388761664284
v -0.25 1.8040293650143933e-18 0.020317411709107391
v -0.99786121534345273 -0.032631548055012852 0.34701850980029347
v -0.74786121534345273 -0.032631548055012893 0.18824567044655621
v -0.99358364603035776 -0.097894644165038791 0.34105552940088035
v -0.74358364603035776 -0.097894644165038833 0.18324917256228057
v -0.74572243068690525 -0.06526309611002587 0.18609030338859286
v -0.49786121534345273 -0.032631548055012928 0.081323388761664284
v -0.24786121534345273 -0.032631548055012963 0.019624314920232533
v -0.98506510260262492 -0.16259940544066903 0.32933275223201874
v -0.73720388725917241 -0.12996785738565608 0.1775669471855357
v -0.97230558506025377 -0.22674583188190353 0.31185017829370859
v -0.72444436971680126 -0.19411428382689061 0.16428823413549185
v -0.73082412848798661 -0.16204107060627335 0.17124792469941269
v -0.48934267191571967 -0.097336309330643161 0.075776493853657312
v -0.24148145657226694 -0.064704761275630227 0.017592712890665774
v -0.95541425284462278 -0.28978514191816301 0.28920351184723803
v -0.71393279627235584 -0.22508038064253283 0.1547830072581195
v -0.93439110595573238 -0.35171733554944745 0.26139275289260711
v -0.69290964938346522 -0.28701257427381727 0.13412900451035614
v -0.70342122282791042 -0.25604647745817505 0.14473192280967578
v -0.4724513397000889 -0.16037561936690264 0.065063235123391239
v -0.23096988312782174 -0.095670858091272445 0.014362172569750975
v -0.90941600032957481 -0.41201257427381721 0.22936553006146881
v -0.6784461172017533 -0.31634171618254481 0.1214504487797104
v -0.88048893596615097 -0.47067085809127224 0.19312184335382304
v -0.649519052838329 -0.37499999999999983 0.09483316452607482
v -0.66398258502004115 -0.34567085809127229 0.10835426577232132
v -0.44747623407393133 -0.2206708580912724 0.049917729537690303
v -0.21650635094610982 -0.12499999999999997 0.010154002074851676
v -0.84785738791113796 -0.52719035725218 0.15389666644647071
v -0.63135103696502837 -0.40219035725218005 0.079847133097560363
v -0.81152135616453602 -0.58157107175654044 0.11168999933941173
v -0.59501500521842621 -0.45657107175654049 0.049084612242275893
v -0.61318302109172729 -0.42938071450436027 0.064600179585141249
v -0.41484468601891855 -0.27719035725218011 0.031375546017314682
v -0.19833833507280874 -0.15219035725218019 0.00525549020127275
v -0.77179170051506318 -0.6333477670531773 0.067939999339411805
v -0.57345336544225445 -0.48115740980099714 0.032812084578515588
v -0.72866842096271967 -0.68252044314209059 0.022646666446470898
v -0.53033008588991093 -0.53033008588991037 2.2204460492503131e-16
v -0.55189172566608269 -0.50574374784545373 0.0164530768485458
v -0.37511503036944571 -0.32896705254881697 0.010700785528836854
v -0.17677669529663698 -0.17677669529663681 0
v -0.68252044314209126 -0.728668420962719 -0.022646666446470176
v -0.50574374784545428 -0.55189172566608224 -0.016453076848545467
v -0.63334776705317752 -0.77179170051506296 -0.067939999339411417
v -0.45657107175654055 -0.59501500521842621 -0.049084612242275893
v -0.48115740980099742 -0.57345336544225423 -0.032812084578515366
v -0.32896705254881731 -0.37511503036944549 -0.010700785528836743
v -0.15219035725218033 -0.19833833507280876 -0.0052554902012728055
v -0.58157107175654077 -0.8115213561645358 -0.11168999933941148
v -0.42938071450436066 -0.61318302109172707 -0.064600179585141027
v -0.52719035725218055 -0.84785738791113752 -0.15389666644647026
v -0.37500000000000044 -0.64951905283832878 -0.094833164526074654
v -0.40219035725218033 -0.63135103696502792 -0.079847133097560141
v -0.27719035725218033 -0.41484468601891833 -0.031375546017314571
v -0.125 -0.21650635094610962 -0.010154002074851676
v -0.47067085809127285 -0.88048893596615052 -0.19312184335382276
v -0.34567085809127263 -0.66398258502004093 -0.10835426577232121
v -0.41201257427381721 -0.90941600032957481 -0.22936553006146865
v -0.28701257427381721 -0.69290964938346511 -0.13412900451035614
v -0.31634171618254481 -0.67844611720175307 -0.12145044877971034
v -0.2206708580912724 -0.44747623407393133 -0.049917729537690358
v -0.095670858091272404 -0.23096988312782174 -0.014362172569750975
v -0.3517173355494474 -0.93439110595573216 -0.26139275289260711
v -0.25604647745817499 -0.70342122282791053 -0.14473192280967589
v -0.28978514191816296 -0.955414252844623 -0.28920351184723814
v -0.19411428382689055 -0.72444436971680126 -0.16428823413549187
v -0.22508038064253277 -0.71393279627235584 -0.15478300725811955
v -0.16037561936690259 -0.47245133970008879 -0.065063235123391239
v -0.064704761275630185 -0.24148145657226711 -0.017592712890665829
v -0.22674583188190356 -0.97230558506025377 -0.31185017829370865
v -0.16204107060627315 -0.73082412848798672 -0.17124792469941286
v -0.16259940544066875 -0.98506510260262492 -0.32933275223201885
v -0.097894644165038791 -0.74358364603035776 -0.18324917256228068
v -0.12996785738565597 -0.7372038872591723 -0.17756694718553567
v -0.097336309330643189 -0.48934267191571967 -0.075776493853657312
v -0.032631548055012782 -0.24786121534345262 -0.019624314920232533
v -0.097894644165038791 -0.99358364603035776 -0.34105552940088046
v -0.065263096110026009 -0.74572243068690525 -0.18609030338859289
v -0.032631548055013226 -0.99786121534345262 -0.34701850980029347
v 0 -0.75 -0.18971660587502026
v -0.032631548055013004 -0.74786121534345262 -0.18824567044655616
v -0.032631548055012782 -0.49786121534345262 -0.081323388761664284
v 0 -0.25 -0.020317411709107391
v 0.032631548055012671 -0.99786121534345262 -0.34701850980029347
v 0.032631548055012782 -0.74786121534345262 -0.18824567044655616
v 0.097894644165038347 -0.99358364603035787 -0.34105552940088046
v 0.097894644165038347 -0.74358364603035787 -0.18324917256228068
v 0.065263096110025565 -0.74572243068690525 -0.18609030338859289
v 0.032631548055012782 -0.49786121534345262 -0.081323388761664284
v 0.032631548055012782 -0.24786121534345265 -0.019624314920232533
v 0.16259940544066853 -0.98506510260262492 -0.32933275223201897
v 0.12996785738565564 -0.73720388725917241 -0.17756694718553578
v 0.226745831881903 -0.972305585060254 -0.31185017829370876
v 0.19411428382689022 -0.72444436971680126 -0.16428823413549198
v 0.16204107060627293 -0.73082412848798683 -0.17124792469941297
v 0.097336309330642856 -0.48934267191571973 -0.075776493853657367
v 0.064704761275630074 -0.24148145657226713 -0.017592712890665829
v 0.28978514191816251 -0.955414252844623 -0.28920351184723836
v 0.22508038064253244 -0.71393279627235595 -0.15478300725811966
v 0.35171733554944695 -0.93439110595573238 -0.26139275289260733
v 0.28701257427381688 -0.69290964938346522 -0.13412900451035625
v 0.25604647745817466 -0.70342122282791064 -0.14473192280967601
v 0.16037561936690237 -0.47245133970008885 -0.065063235123391294
v 0.095670858091272293 -0.23096988312782177 -0.014362172569750975
v 0.41201257427381688 -0.90941600032957481 -0.22936553006146887
v 0.31634171618254459 -0.67844611720175307 -0.1214504487797104
v 0.4706708580912724 -0.88048893596615074 -0.19312184335382299
v 0.375 -0.649519052838329 -0.09483316452607482
v 0.34567085809127229 -0.66398258502004104 -0.10835426577232132
v 0.22067085809127229 -0.44747623407393139 -0.049917729537690414
v 0.125 -0.21650635094610968 -0.010154002074851676
v 0.52719035725218011 -0.84785738791113785 -0.15389666644647071
v 0.40219035725218 -0.63135103696502815 -0.079847133097560308
v 0.58157107175653988 -0.81152135616453647 -0.11168999933941215
v 0.45657107175653988 -0.59501500521842676 -0.049084612242276338
v 0.42938071450435999 -0.61318302109172751 -0.064600179585141415
v 0.27719035725218 -0.41484468601891855 -0.031375546017314682
v 0.15219035725218 -0.19833833507280896 -0.0052554902012728055
v 0.63334776705317675 -0.77179170051506363 -0.067939999339412249
v 0.48115740980099675 -0.57345336544225478 -0.03281208457851581
v 0.68252044314209048 -0.72866842096271967 -0.022646666446470842
v 0.53033008588991049 -0.53033008588991071 -5.5511151231257827e-17
v 0.50574374784545362 -0.55189172566608269 -0.016453076848545856
v 0.32896705254881686 -0.37511503036944582 -0.010700785528836909
v 0.17677669529663687 -0.17677669529663695 0
v 0.72866842096271922 -0.68252044314209104 0.022646666446470398
v 0.55189172566608247 -0.50574374784545406 0.016453076848545634
v 0.77179170051506307 -0.63334776705317752 0.067939999339411472
v 0.59501500521842621 -0.45657107175654066 0.049084612242275838
v 0.57345336544225434 -0.48115740980099736 0.032812084578515477
v 0.3751150303694456 -0.32896705254881714 0.010700785528836798
v 0.19833833507280874 -0.15219035725218025 0.0052554902012728055
v 0.8115213561645358 -0.58157107175654077 0.11168999933941146
v 0.61318302109172707 -0.42938071450436055 0.064600179585141082
v 0.84785738791113752 -0.52719035725218055 0.15389666644647026
v 0.64951905283832878 -0.37500000000000033 0.094833164526074709
v 0.63135103696502792 -0.40219035725218044 0.079847133097560141
v 0.41484468601891833 -0.27719035725218033 0.031375546017314626
v 0.21650635094610959 -0.12500000000000014 0.01015400207485162
v 0.88048893596615052 -0.47067085809127274 0.19312184335382271
v 0.66398258502004093 -0.34567085809127263 0.10835426577232121
v 0.9094160003295747 -0.41201257427381732 0.2293655300614687
v 0.69290964938346522 -0.28701257427381721 0.1341290045103562
v 0.67844611720175307 -0.31634171618254492 0.12145044877971034
v 0.44747623407393133 -0.22067085809127251 0.049917729537690358
v 0.23096988312782174 -0.095670858091272418 0.014362172569750975
v 0.93439110595573216 -0.35171733554944756 0.26139275289260711
v 0.70342122282791042 -0.25604647745817521 0.14473192280967587
v 0.95541425284462278 -0.28978514191816357 0.2892035118472378
v 0.72444436971680104 -0.19411428382689119 0.16428823413549176
v 0.71393279627235584 -0.22508038064253319 0.15478300725811947
v 0.47245133970008879 -0.16037561936690281 0.065063235123391239
v 0.24148145657226705 -0.064704761275630421 0.017592712890665829
v 0.97230558506025366 -0.22674583188190411 0.31185017829370837
v 0.73082412848798661 -0.16204107060627371 0.17124792469941275
v 0.98506510260262481 -0.16259940544066914 0.32933275223201869
v 0.74358364603035776 -0.097894644165038763 0.18324917256228065
v 0.73720388725917219 -0.12996785738565625 0.17756694718553567
v 0.48934267191571967 -0.097336309330643328 0.075776493853657312
v 0.24786121534345262 -0.032631548055012942 0.019624314920232533
v 0.99358364603035776 -0.097894644165038763 0.34105552940088035
v 0.74572243068690525 -0.065263096110025842 0.18609030338859292
v 0.99786121534345262 -0.032631548055012921 0.34701850980029347
v 0.74786121534345262 -0.032631548055012935 0.18824567044655618
v 0.49786121534345262 -0.032631548055012942 0.081323388761664284
v 0.99893060767172626 0.016315774027506447 0.34850925490014673
v 0.87393060767172637 0.01631577402750644 0.261519640159111
v 0.875 -6.797789083464181e-18 0.26228900792854792
v 0.99679182301517888 0.04894732208251934 0.34552776470044022
v 0.87179182301517888 0.048947322082519333 0.25947101386336546
v 0.87286121534345262 0.032631548055012886 0.26057921030276965
v 0.74893060767172637 0.016315774027506433 0.18906666383276519
v 0.62393060767172637 0.016315774027506429 0.12951933054583223
v 0.625 -1.7762129578053915e-17 0.13006327397589451
v 0.9946530383586315 0.081578870137532233 0.34254627450073366
v 0.8696530383586315 0.081578870137532233 0.25675400248696145
v 0.87072243068690525 0.065263096110025787 0.25819624465356783
v 0.99251425370208413 0.11421041819254513 0.33956478430102716
v 0.86751425370208413 0.11421041819254513 0.25335271271360094
v 0.86858364603035776 0.09789464416503868 0.25514124951773087
v 0.7446530383586315 0.081578870137532233 0.1847555877316546
v 0.6196530383586315 0.081578870137532233 0.12562802346377361
v 0.62072243068690525 0.065263096110025787 0.12685840062034254
v 0.49893060767172637 0.016315774027506426 0.081939953361667872
v 0.37393060767172637 0.016315774027506422 0.045623771971736726
v 0.375 -2.5794264109378369e-17 0.045974697578444801
v 0.49679182301517888 0.048947322082519326 0.080535065340213485
v 0.37179182301517888 0.048947322082519326 0.044406434955639507
v 0.37286121534345262 0.032631548055012873 0.045101038089361611
v 0.24893060767172637 0.016315774027506422 0.020056786112395364
v 0.12393060767172637 0.016315774027506419 0.0048886719925128053
v 0.125 -3.119644229102756e-17 0.0050613362762699787
v 0.74679182301517888 0.048947322082519333 0.18725359229841015
v 0.62179182301517888 0.048947322082519326 0.12791698345716471
v 0.62286121534345262 0.032631548055012879 0.12880392330988563
v 0.9882549819882176 0.14656279883036022 0.33370339571659635
v 0.86432437431649134 0.13024702480285377 0.25007719069189621
v 0.98187522321703213 0.17863601205097751 0.32496210874744125
v 0.85794461554530588 0.16232023802347106 0.24306216174737511
v 0.86113449493089855 0.14628363141316242 0.24664646611438373
v 0.74039376664476508 0.11393125077534733 0.18048747209850452
v 0.61646315897303872 0.097615476747840879 0.12334715437351465
v 0.97549546444584656 0.2107092252715948 0.3162208217782862
v 0.8515648567741203 0.19439345124408836 0.23542936551286997
v 0.85475473615971298 0.17835684463377971 0.23932392560395621
v 0.9691157056746611 0.24278243849221209 0.30747953480913109
v 0.84518509800293473 0.22646666446470565 0.22715070744615767
v 0.84837497738852752 0.210430057854397 0.23137392709267929
v 0.72763424910239394 0.17807767721658191 0.16784843510779041
v 0.60370364143066768 0.16176190318907546 0.11262595082294344
v 0.60689352081626047 0.14572529657876682 0.1155465507187437
v 0.49253255130131246 0.081299702720334405 0.07775559306807267
v 0.3686019436295862 0.064983928692827958 0.04303417473098492
v 0.48615279253012689 0.1133729159409517 0.073637354770877017
v 0.36222218485840063 0.09705714191344525 0.039809455407229077
v 0.36541206424399331 0.081020535303136604 0.041501907376834679
v 0.24467133595785984 0.048668154665321511 0.018688560511214036
v 0.12074072828613347 0.032352380637815065 0.0043825645382001843
v 0.73401400787357951 0.14600446399596462 0.17448725041979746
v 0.61008340020185314 0.12968868996845817 0.11830671945633442
v 0.61327327958744604 0.11365208335814951 0.12090681385557192
v 0.9606700395668456 0.27430209351034185 0.29615620158589578
v 0.83992931128071202 0.24194971287252678 0.22159289900720955
v 0.95015846612240018 0.30526819032598418 0.28225082210858032
v 0.82941773783626671 0.27291580968816909 0.21008683459608016
v 0.83467352455848931 0.25743276128034792 0.21590472054290891
v 0.71918858299457855 0.20959733223471169 0.15960353129791138
v 0.59844785470844497 0.17724495159689657 0.10876444966489454
v 0.93964689267795487 0.3362342871416264 0.26834544263126486
v 0.81890616439182129 0.30388190650381131 0.19805544605450434
v 0.824161951114044 0.2883988580959902 0.2041380958032783
v 0.92913531923350945 0.36720038395726862 0.2544400631539494
v 0.80839459094737587 0.33484800331945352 0.18546553124701448
v 0.81365037766959858 0.31936495491163241 0.19183374606343173
v 0.69816543610568771 0.27152952586599621 0.13949983691394915
v 0.57742470781955424 0.23917714522818109 0.091947409087353438
v 0.58268049454177695 0.22369409682035998 0.096358326992524612
v 0.47770712642231139 0.14489257095908148 0.068269090354324768
v 0.35696639813617792 0.11254019032126637 0.037510147253112136
v 0.46719555297786597 0.17585866777472373 0.06171997811087282
v 0.3464548246917325 0.14350628713690863 0.032499391785411558
v 0.35171061141395521 0.1280232387290875 0.035073552487202786
v 0.23622566985004445 0.080187809683451294 0.016046149068480675
v 0.11548494156391087 0.047835429045636195 0.0035777914807257893
v 0.70867700955013313 0.24056342905035397 0.14982604726924031
v 0.58793628126399955 0.20821104841253885 0.10063112379632674
v 0.59319206798622226 0.19272800000471771 0.10476633072684458
v 0.91664776642043078 0.39734800331945352 0.23842645173838017
v 0.80116282485651991 0.34951257427381732 0.17800672426437736
v 0.90218423423871874 0.42667714522818112 0.22030460838455729
v 0.78669929267480787 0.37884171618254486 0.16279321003996841
v 0.79393105876566383 0.36417714522818112 0.17044913321988367
v 0.68567788329260904 0.30167714522818112 0.12784152583216207
v 0.57019294172869817 0.25384171618254486 0.086769603634173242
v 0.88772070205700671 0.45600628713690861 0.20218276503073437
v 0.77223576049309584 0.4081708580912724 0.14718044694355897
v 0.77946752658395191 0.39350628713690861 0.15503787984709672
v 0.87325716987529467 0.4853354290456362 0.18406092167691146
v 0.75777222831138391 0.43749999999999994 0.1311393717357941
v 0.76500399440223987 0.4228354290456362 0.13921643827968233
v 0.65675081892918508 0.3603354290456362 0.10164731111195321
v 0.54126587736527421 0.31249999999999994 0.06500762494179213
v 0.54849764345613017 0.2978354290456362 0.070607018220476048
v 0.45470800016478741 0.20600628713690863 0.054130783117158743
v 0.33922305860087654 0.1581708580912724 0.029430592913787246
v 0.44024446798307537 0.23533542904563617 0.045599275953614959
v 0.3247595264191645 0.18749999999999994 0.022976968882131132
v 0.33199129251002057 0.17283542904563617 0.026256572150954338
v 0.22373811703696567 0.11033542904563619 0.012310779354402723
v 0.10825317547305491 0.062499999999999965 0.0025294855468626642
v 0.671214351110897 0.33100628713690861 0.11495499175630966
v 0.55572940954698624 0.2831708580912724 0.076100039191121849
v 0.5629611756378422 0.26850628713690861 0.081487353264850015
v 0.85694139584778828 0.51359517862609005 0.16444833322323532
v 0.74868822037473337 0.45109517862609005 0.12229121386672964
v 0.83877337997448742 0.54078553587827027 0.14334499966970587
v 0.73052020450143251 0.47828553587827022 0.10440929808686739
v 0.73960421243808305 0.46469035725218011 0.1133810052971517
v 0.64043504490167857 0.38859517862609005 0.087372326787887755
v 0.53218186942862378 0.32609517862609005 0.058867191339956604
v 0.82060536410118656 0.56797589313045038 0.12224166611617643
v 0.71235218862813166 0.50547589313045038 0.08627820232302752
v 0.72143619656478208 0.49188071450436033 0.095375573375448275
v 0.80243734822788559 0.5951662503826306 0.10113833256264698
v 0.6941841727548308 0.5326662503826306 0.067879889551501038
v 0.70326818069148123 0.51907107175654055 0.077114360671779791
v 0.60409901315507686 0.44297589313045038 0.056876486360725842
v 0.49584583768202195 0.38047589313045038 0.033646655163644457
v 0.50492984561867238 0.36688071450436033 0.040052085173015117
v 0.42392869395556898 0.26359517862609005 0.036308067092144292
v 0.31567551848251418 0.20109517862609003 0.019348261376169074
v 0.40576067808226801 0.29078553587827022 0.026376788778336768
v 0.2975075026092131 0.22828553587827022 0.011892363752119495
v 0.30659151054586364 0.21469035725218011 0.015653532237224321
v 0.20742234300945928 0.13859517862609005 0.0077378541307263071
v 0.099169167536404368 0.076095178626090054 0.0013092080751682666
v 0.62226702902837772 0.41578553587827022 0.072256728451538466
v 0.51401385355532292 0.35328553587827022 0.046390151456653816
v 0.52309786149197335 0.33969035725218011 0.052661607481185146
v 0.78257252040314929 0.62105459803094898 0.079263332562646949
v 0.68340335286674481 0.54495941940485892 0.058246619692144397
v 0.7610108806269773 0.64564093607540562 0.05661666611617644
v 0.66184171309057294 0.56954575744931568 0.03891780023507091
v 0.67262253297865882 0.55725258842708725 0.048592551338283774
v 0.58423418533034044 0.46886424077876887 0.040958699858391734
v 0.48506501779393596 0.39276906215267876 0.026961727560233906
v 0.73944924085080543 0.67022727411986249 0.033969999669705819
v 0.64028007331440095 0.59413209549377233 0.019504678296809241
v 0.65106089320248695 0.581838926471544 0.02922207407696753
v 0.71788760107463356 0.69481361216431914 0.01132333322323531
v 0.61871843353822908 0.61871843353822897 5.5511151231257827e-17
v 0.62949925342631508 0.60642526451600065 0.009764504392121065
v 0.54111090577799659 0.51803691686768216 0.0082387903843732513
v 0.44194173824159222 0.44194173824159216 0
v 0.4527225581296781 0.42964856921936379 0.0067753043641200494
v 0.38589585025753159 0.31667388352658865 0.016016990361567895
v 0.28672668272112722 0.2405787049004986 0.007950752180962084
v 0.36433421048135972 0.34126022157104541 0.0053619933416915178
v 0.26516504294495524 0.2651650429449553 0
v 0.27594586283304134 0.25287187392272692 0.0039867800824018862
v 0.18755751518472286 0.16448352627440849 0.0026390345146997118
v 0.088388347648318488 0.088388347648318405 0
v 0.56267254555416857 0.49345057882322552 0.024643854309954416
v 0.4635033780177642 0.41735540019713546 0.013526834132927101
v 0.47428419790585008 0.40506223117490714 0.02025538030231272
v 0.69481361216431914 0.71788760107463345 -0.01132333322323531
v 0.60642526451600076 0.62949925342631508 -0.0097645043921210095
v 0.67022727411986249 0.73944924085080532 -0.033969999669705819
v 0.581838926471544 0.65106089320248683 -0.02922207407696753
v 0.59413209549377233 0.64028007331440095 -0.019504678296809186
v 0.51803691686768227 0.54111090577799659 -0.0082387903843731958
v 0.4296485692193639 0.4527225581296781 -0.0067753043641200494
v 0.64564093607540574 0.7610108806269773 -0.056616666116176384
v 0.55725258842708736 0.67262253297865882 -0.048592551338283718
v 0.56954575744931568 0.66184171309057294 -0.03891780023507091
v 0.62105459803094898 0.78257252040314917 -0.079263332562646949
v 0.5326662503826306 0.6941841727548308 -0.067879889551501038
v 0.54495941940485904 0.68340335286674481 -0.058246619692144397
v 0.46886424077876887 0.58423418533034044 -0.040958699858391734
v 0.38047589313045038 0.49584583768202201 -0.033646655163644457
v 0.39276906215267871 0.48506501779393602 -0.026961727560233906
v 0.34126022157104541 0.36433421048135972 -0.0053619933416915178
v 0.25287187392272692 0.27594586283304123 -0.0039867800824018307
v 0.31667388352658876 0.38589585025753159 -0.016016990361567895
v 0.22828553587827027 0.29750750260921316 -0.011892363752119495
v 0.2405787049004986 0.28672668272112722 -0.0079507521809620285
v 0.16448352627440843 0.1875575151847228 -0.0026390345146996563
v 0.076095178626090054 0.099169167536404368 -0.0013092080751682666
v 0.49345057882322552 0.56267254555416846 -0.024643854309954416
v 0.40506223117490714 0.47428419790585008 -0.02025538030231272
v 0.41735540019713557 0.46350337801776409 -0.013526834132927046
v 0.5951662503826306 0.80243734822788559 -0.10113833256264693
v 0.51907107175654055 0.70326818069148123 -0.077114360671779791
v 0.56797589313045049 0.82060536410118645 -0.12224166611617632
v 0.49188071450436033 0.72143619656478208 -0.095375573375448275
v 0.50547589313045038 0.71235218862813166 -0.08627820232302752
v 0.44297589313045038 0.60409901315507686 -0.056876486360725786
v 0.36688071450436033 0.50492984561867238 -0.040052085173015062
v 0.54078553587827027 0.83877337997448731 -0.14334499966970576
v 0.46469035725218022 0.73960421243808294 -0.11338100529715162
v 0.47828553587827027 0.73052020450143251 -0.10440929808686733
v 0.51359517862609017 0.85694139584778817 -0.16444833322323527
v 0.4375 0.7577722283113838 -0.13113937173579404
v 0.45109517862609017 0.74868822037473337 -0.12229121386672959
v 0.38859517862609017 0.64043504490167857 -0.0873723267878877
v 0.3125 0.5412658773652741 -0.065007624941792075
v 0.32609517862609017 0.53218186942862378 -0.058867191339956548
v 0.29078553587827027 0.40576067808226801 -0.026376788778336713
v 0.21469035725218011 0.30659151054586359 -0.015653532237224266
v 0.26359517862609005 0.42392869395556887 -0.036308067092144236
v 0.1875 0.32475952641916445 -0.022976968882131077
v 0.20109517862609005 0.31567551848251402 -0.019348261376169018
v 0.13859517862609005 0.20742234300945919 -0.0077378541307263071
v 0.0625 0.1082531754730548 -0.0025294855468626087
v 0.41578553587827027 0.62226702902837772 -0.07225672845153841
v 0.33969035725218011 0.52309786149197324 -0.052661607481185091
v 0.35328553587827027 0.51401385355532292 -0.046390151456653761
v 0.48533542904563642 0.87325716987529467 -0.18406092167691146
v 0.42283542904563631 0.76500399440223976 -0.13921643827968222
v 0.45600628713690883 0.88772070205700659 -0.20218276503073429
v 0.39350628713690883 0.7794675265839518 -0.1550378798470966
v 0.40817085809127263 0.77223576049309584 -0.14718044694355886
v 0.3603354290456362 0.65675081892918497 -0.10164731111195313
v 0.2978354290456362 0.54849764345613017 -0.070607018220475992
v 0.42667714522818123 0.90218423423871874 -0.22030460838455723
v 0.36417714522818123 0.79393105876566383 -0.17044913321988364
v 0.37884171618254503 0.78669929267480787 -0.16279321003996827
v 0.39734800331945364 0.91664776642043067 -0.23842645173838017
v 0.33484800331945364 0.80839459094737587 -0.18546553124701448
v 0.34951257427381743 0.80116282485651991 -0.17800672426437736
v 0.30167714522818123 0.68567788329260904 -0.12784152583216202
v 0.23917714522818123 0.57742470781955424 -0.091947409087353382
v 0.25384171618254503 0.57019294172869817 -0.086769603634173187
v 0.2353354290456362 0.44024446798307532 -0.045599275953614959
v 0.1728354290456362 0.33199129251002046 -0.026256572150954283
v 0.20600628713690861 0.45470800016478735 -0.054130783117158687
v 0.14350628713690861 0.3464548246917325 -0.032499391785411558
v 0.1581708580912724 0.33922305860087648 -0.029430592913787246
v 0.1103354290456362 0.22373811703696564 -0.012310779354402668
v 0.047835429045636202 0.11548494156391081 -0.0035777914807257893
v 0.33100628713690883 0.671214351110897 -0.11495499175630958
v 0.26850628713690872 0.5629611756378422 -0.081487353264850015
v 0.2831708580912724 0.55572940954698613 -0.076100039191121849
v 0.36720038395726873 0.92913531923350945 -0.25444006315394929
v 0.31936495491163253 0.81365037766959858 -0.19183374606343173
v 0.3362342871416264 0.93964689267795487 -0.26834544263126481
v 0.2883988580959902 0.824161951114044 -0.20413809580327824
v 0.30388190650381142 0.81890616439182129 -0.19805544605450431
v 0.27152952586599621 0.69816543610568771 -0.13949983691394913
v 0.22369409682036001 0.58268049454177695 -0.096358326992524612
v 0.30526819032598418 0.95015846612240029 -0.28225082210858032
v 0.25743276128034787 0.83467352455848942 -0.21590472054290888
v 0.27291580968816898 0.82941773783626671 -0.21008683459608013
v 0.27430209351034185 0.96067003956684571 -0.29615620158589573
v 0.22646666446470565 0.84518509800293473 -0.22715070744615762
v 0.24194971287252676 0.83992931128071213 -0.22159289900720958
v 0.20959733223471166 0.71918858299457855 -0.15960353129791138
v 0.16176190318907546 0.60370364143066768 -0.11262595082294341
v 0.17724495159689657 0.59844785470844497 -0.10876444966489451
v 0.17585866777472381 0.46719555297786608 -0.06171997811087282
v 0.1280232387290875 0.35171061141395521 -0.035073552487202786
v 0.14489257095908148 0.4777071264223115 -0.068269090354324768
v 0.097057141913445277 0.36222218485840063 -0.039809455407229022
v 0.11254019032126639 0.35696639813617792 -0.037510147253112081
v 0.080187809683451294 0.23622566985004434 -0.016046149068480675
v 0.032352380637815092 0.12074072828613351 -0.0043825645382001843
v 0.24056342905035399 0.70867700955013313 -0.14982604726924031
v 0.19272800000471768 0.59319206798622237 -0.1047663307268446
v 0.20821104841253879 0.58793628126399966 -0.10063112379632677
v 0.24278243849221215 0.9691157056746611 -0.30747953480913115
v 0.21043005785439695 0.84837497738852752 -0.23137392709267923
v 0.21070922527159475 0.97549546444584656 -0.31622082177828614
v 0.17835684463377977 0.85475473615971298 -0.2393239256039561
v 0.19439345124408836 0.8515648567741203 -0.23542936551286997
v 0.17807767721658196 0.72763424910239394 -0.16784843510779035
v 0.14572529657876676 0.60689352081626047 -0.1155465507187437
v 0.17863601205097757 0.98187522321703213 -0.32496210874744125
v 0.14628363141316247 0.86113449493089855 -0.24664646611438368
v 0.16232023802347106 0.85794461554530588 -0.24306216174737505
v 0.14656279883036039 0.9882549819882176 -0.33370339571659635
v 0.11421041819254518 0.86751425370208413 -0.25335271271360094
v 0.13024702480285388 0.86432437431649134 -0.25007719069189616
v 0.11393125077534738 0.74039376664476508 -0.18048747209850446
v 0.081578870137532289 0.6196530383586315 -0.12562802346377355
v 0.097615476747840879 0.61646315897303872 -0.12334715437351457
v 0.11337291594095178 0.48615279253012689 -0.073637354770876962
v 0.081020535303136576 0.36541206424399336 -0.041501907376834679
v 0.081299702720334377 0.49253255130131246 -0.07775559306807267
v 0.048947322082519396 0.37179182301517888 -0.044406434955639451
v 0.064983928692827986 0.36860194362958609 -0.043034174730984864
v 0.048668154665321595 0.24467133595785981 -0.018688560511213981
v 0.016315774027506391 0.12393060767172627 -0.0048886719925127498
v 0.14600446399596456 0.73401400787357951 -0.1744872504197974
v 0.11365208335814958 0.61327327958744604 -0.12090681385557189
v 0.12968868996845817 0.61008340020185314 -0.11830671945633436
v 0.11421041819254518 0.99251425370208413 -0.3395647843010271
v 0.097894644165038791 0.86858364603035776 -0.25514124951773076
v 0.0815788701375324 0.9946530383586315 -0.34254627450073372
v 0.065263096110025787 0.87072243068690525 -0.25819624465356783
v 0.081578870137532289 0.8696530383586315 -0.25675400248696145
v 0.081578870137532289 0.7446530383586315 -0.18475558773165457
v 0.065263096110025787 0.62072243068690525 -0.12685840062034248
v 0.048947322082519396 0.99679182301517888 -0.34552776470044022
v 0.032631548055013004 0.87286121534345262 -0.26057921030276965
v 0.048947322082519396 0.87179182301517888 -0.25947101386336546
v 0.016315774027506613 0.99893060767172637 -0.34850925490014673
v 0 0.875 -0.26228900792854792
v 0.016315774027506502 0.87393060767172637 -0.261519640159111
v 0.016315774027506502 0.74893060767172637 -0.18906666383276516
v 0 0.625 -0.13006327397589446
v 0.016315774027506502 0.62393060767172637 -0.1295193305458322
v 0.048947322082519396 0.49679182301517888 -0.08053506534021343
v 0.032631548055012893 0.37286121534345262 -0.045101038089361556
v 0.016315774027506391 0.49893060767172631 -0.081939953361667817
v 0 0.375 -0.045974697578444801
v 0.016315774027506391 0.37393060767172631 -0.045623771971736726
v 0.016315774027506391 0.24893060767172626 -0.020056786112395308
v 0 0.12499999999999997 -0.0050613362762699787
v 0.048947322082519396 0.74679182301517888 -0.1872535922984101
v 0.032631548055013004 0.62286121534345262 -0.1288039233098856
v 0.048947322082519396 0.62179182301517888 -0.12791698345716468
v -0.016315774027506391 0.99893060767172637 -0.34850925490014673
v -0.016315774027506391 0.87393060767172637 -0.261519640159111
v -0.048947322082519396 0.99679182301517888 -0.34552776470044022
v -0.048947322082519396 0.87179182301517888 -0.25947101386336546
v -0.032631548055012782 0.87286121534345262 -0.26057921030276965
v -0.016315774027506391 0.74893060767172637 -0.18906666383276516
v -0.016315774027506391 0.62393060767172637 -0.1295193305458322
v -0.081578870137532178 0.9946530383586315 -0.34254627450073372
v -0.081578870137532178 0.8696530383586315 -0.25675400248696145
v -0.065263096110025787 0.87072243068690525 -0.25819624465356783
v -0.11421041819254518 0.99251425370208413 -0.33956478430102721
v -0.11421041819254518 0.86751425370208413 -0.25335271271360094
v -0.097894644165038791 0.86858364603035776 -0.25514124951773076
v -0.081578870137532178 0.7446530383586315 -0.18475558773165457
v -0.081578870137532178 0.6196530383586315 -0.12562802346377355
v -0.065263096110025787 0.62072243068690525 -0.12685840062034248
v -0.016315774027506391 0.49893060767172631 -0.081939953361667817
v -0.016315774027506391 0.37393060767172631 -0.045623771971736726
v -0.048947322082519396 0.49679182301517888 -0.08053506534021343
v -0.048947322082519396 0.37179182301517888 -0.044406434955639451
v -0.032631548055012782 0.37286121534345262 -0.045101038089361611
v -0.016315774027506391 0.24893060767172626 -0.020056786112395308
v -0.016315774027506391 0.12393060767172627 -0.0048886719925127498
v -0.048947322082519396 0.74679182301517888 -0.1872535922984101
v -0.048947322082519396 0.62179182301517888 -0.12791698345716468
v -0.032631548055012782 0.62286121534345262 -0.1288039233098856
v -0.14656279883036016 0.9882549819882176 -0.33370339571659635
v -0.13024702480285377 0.86432437431649134 -0.25007719069189616
v -0.17863601205097757 0.98187522321703213 -0.32496210874744136
v -0.16232023802347095 0.85794461554530588 -0.24306216174737516
v -0.14628363141316236 0.86113449493089855 -0.24664646611438379
v -0.11393125077534738 0.74039376664476508 -0.18048747209850446
v -0.09761547674784099 0.61646315897303872 -0.12334715437351457
v -0.21070922527159475 0.97549546444584656 -0.31622082177828614
v -0.19439345124408836 0.8515648567741203 -0.23542936551286997
v -0.17835684463377977 0.85475473615971298 -0.2393239256039561
v -0.24278243849221215 0.9691157056746611 -0.30747953480913115
v -0.22646666446470576 0.84518509800293473 -0.22715070744615762
v -0.21043005785439695 0.84837497738852752 -0.23137392709267923
v -0.17807767721658196 0.72763424910239394 -0.16784843510779035
v -0.16176190318907535 0.60370364143066768 -0.11262595082294341
v -0.14572529657876676 0.60689352081626047 -0.1155465507187437
v -0.081299702720334377 0.49253255130131246 -0.07775559306807267
v -0.064983928692827986 0.36860194362958609 -0.043034174730984864
v -0.11337291594095178 0.48615279253012689 -0.073637354770876962
v -0.097057141913445388 0.36222218485840063 -0.039809455407229022
v -0.081020535303136576 0.36541206424399336 -0.041501907376834679
v -0.048668154665321595 0.24467133595785981 -0.018688560511213981
v -0.032352380637814981 0.12074072828613351 -0.0043825645382001843
v -0.14600446399596456 0.73401400787357951 -0.1744872504197974
v -0.12968868996845817 0.61008340020185314 -0.11830671945633436
v -0.11365208335814958 0.61327327958744604 -0.12090681385557195
v -0.27430209351034174 0.96067003956684571 -0.29615620158589584
v -0.24194971287252676 0.83992931128071213 -0.22159289900720958
v -0.30526819032598418 0.95015846612240029 -0.28225082210858032
v -0.27291580968816898 0.82941773783626671 -0.21008683459608024
v -0.25743276128034775 0.83467352455848942 -0.21590472054290899
v -0.20959733223471178 0.71918858299457855 -0.15960353129791138
v -0.17724495159689657 0.59844785470844497 -0.10876444966489451
v -0.33623428714162618 0.93964689267795487 -0.26834544263126492
v -0.30388190650381119 0.8189061643918214 -0.19805544605450442
v -0.2883988580959902 0.82416195111404411 -0.20413809580327835
v -0.36720038395726862 0.92913531923350945 -0.2544400631539494
v -0.33484800331945341 0.80839459094737598 -0.18546553124701459
v -0.31936495491163219 0.81365037766959869 -0.19183374606343184
v -0.27152952586599621 0.69816543610568782 -0.13949983691394918
v -0.23917714522818101 0.57742470781955424 -0.091947409087353382
v -0.22369409682035979 0.58268049454177695 -0.096358326992524612
v -0.14489257095908137 0.4777071264223115 -0.068269090354324824
v -0.11254019032126639 0.35696639813617792 -0.037510147253112081
v -0.17585866777472381 0.46719555297786608 -0.06171997811087282
v -0.14350628713690861 0.34645482469173255 -0.032499391785411558
v -0.12802323872908739 0.35171061141395521 -0.035073552487202786
v -0.080187809683451405 0.23622566985004437 -0.016046149068480675
v -0.047835429045636202 0.11548494156391083 -0.0035777914807257893
v -0.24056342905035377 0.70867700955013313 -0.14982604726924031
v -0.20821104841253879 0.58793628126399966 -0.10063112379632677
v -0.19272800000471779 0.59319206798622237 -0.1047663307268446
v -0.39734800331945341 0.91664776642043089 -0.23842645173838029
v -0.34951257427381721 0.80116282485651991 -0.17800672426437736
v -0.42667714522818101 0.90218423423871874 -0.22030460838455734
v -0.37884171618254481 0.78669929267480798 -0.16279321003996849
v -0.36417714522818101 0.79393105876566394 -0.17044913321988375
v -0.30167714522818101 0.68567788329260915 -0.12784152583216213
v -0.25384171618254481 0.57019294172869828 -0.086769603634173242
v -0.45600628713690861 0.88772070205700682 -0.20218276503073451
v -0.4081708580912724 0.77223576049309584 -0.14718044694355897
v -0.39350628713690861 0.77946752658395191 -0.15503787984709672
v -0.48533542904563598 0.87325716987529467 -0.18406092167691157
v -0.4375 0.75777222831138391 -0.1311393717357941
v -0.4228354290456362 0.76500399440223987 -0.13921643827968233
v -0.3603354290456362 0.65675081892918508 -0.10164731111195319
v -0.3125 0.54126587736527421 -0.06500762494179213
v -0.2978354290456362 0.54849764345613017 -0.070607018220475992
v -0.20600628713690861 0.45470800016478741 -0.054130783117158687
v -0.1581708580912724 0.33922305860087654 -0.029430592913787246
v -0.2353354290456362 0.44024446798307537 -0.045599275953614959
v -0.1875 0.3247595264191645 -0.022976968882131077
v -0.1728354290456362 0.33199129251002052 -0.026256572150954283
v -0.1103354290456362 0.22373811703696567 -0.012310779354402668
v -0.0625 0.10825317547305481 -0.0025294855468626087
v -0.33100628713690861 0.671214351110897 -0.11495499175630963
v -0.2831708580912724 0.55572940954698624 -0.076100039191121904
v -0.26850628713690861 0.5629611756378422 -0.081487353264850015
v -0.51359517862608994 0.85694139584778828 -0.16444833322323538
v -0.45109517862608994 0.74868822037473337 -0.12229121386672964
v -0.54078553587827005 0.83877337997448731 -0.14334499966970587
v -0.47828553587827027 0.73052020450143251 -0.10440929808686733
v -0.46469035725217989 0.73960421243808294 -0.11338100529715173
v -0.38859517862608994 0.64043504490167857 -0.087372326787887755
v -0.32609517862608994 0.53218186942862378 -0.058867191339956604
v -0.56797589313045038 0.82060536410118645 -0.12224166611617643
v -0.50547589313045038 0.71235218862813166 -0.08627820232302752
v -0.49188071450436022 0.72143619656478208 -0.095375573375448275
v -0.59516625038263049 0.80243734822788559 -0.10113833256264693
v -0.53266625038263049 0.6941841727548308 -0.067879889551501094
v -0.51907107175654055 0.70326818069148123 -0.077114360671779847
v -0.44297589313045038 0.60409901315507686 -0.056876486360725786
v -0.38047589313045038 0.49584583768202201 -0.033646655163644457
v -0.36688071450436022 0.50492984561867238 -0.040052085173015117
v -0.26359517862608994 0.42392869395556887 -0.036308067092144236
v -0.20109517862608994 0.31567551848251407 -0.019348261376169018
v -0.29078553587827027 0.40576067808226801 -0.026376788778336768
v -0.22828553587827027 0.29750750260921316 -0.011892363752119495
v -0.21469035725218011 0.30659151054586359 -0.015653532237224266
v -0.13859517862608994 0.20742234300945922 -0.0077378541307263071
v -0.076095178626089943 0.099169167536404368 -0.0013092080751682666
v -0.41578553587827027 0.62226702902837772 -0.07225672845153841
v -0.35328553587827027 0.51401385355532292 -0.046390151456653761
v -0.33969035725218011 0.52309786149197324 -0.052661607481185091
v -0.6210545980309492 0.78257252040314929 -0.079263332562646949
v -0.54495941940485904 0.68340335286674492 -0.058246619692144397
v -0.64564093607540585 0.7610108806269773 -0.056616666116176384
v -0.56954575744931568 0.66184171309057294 -0.03891780023507091
v -0.55725258842708736 0.67262253297865882 -0.048592551338283663
v -0.46886424077876887 0.58423418533034044 -0.040958699858391734
v -0.39276906215267871 0.48506501779393602 -0.026961727560233906
v -0.67022727411986249 0.73944924085080543 -0.033969999669705875
v -0.59413209549377233 0.64028007331440095 -0.019504678296809186
v -0.581838926471544 0.65106089320248706 -0.029222074076967586
v -0.69481361216431914 0.71788760107463356 -0.01132333322323531
v -0.61871843353822897 0.6187184335382292 -5.5511151231257827e-17
v -0.60642526451600065 0.62949925342631508 -0.009764504392121065
v -0.51803691686768216 0.54111090577799659 -0.0082387903843731958
v -0.44194173824159222 0.44194173824159222 0
v -0.4296485692193639 0.45272255812967821 -0.0067753043641200494
v -0.31667388352658854 0.38589585025753165 -0.016016990361567951
v -0.2405787049004986 0.28672668272112722 -0.0079507521809620285
v -0.34126022157104519 0.36433421048135972 -0.0053619933416915733
v -0.26516504294495524 0.26516504294495535 0
v -0.25287187392272692 0.27594586283304129 -0.0039867800824018862
v -0.16448352627440865 0.1875575151847228 -0.0026390345146996563
v -0.088388347648318488 0.088388347648318419 0
v -0.49345057882322552 0.56267254555416857 -0.024643854309954416
v -0.41735540019713535 0.46350337801776414 -0.013526834132927101
v -0.40506223117490703 0.47428419790585008 -0.02025538030231272
v -0.71788760107463334 0.69481361216431914 0.011323333223235199
v -0.62949925342631485 0.60642526451600076 0.009764504392120954
v -0.7394492408508051 0.67022727411986249 0.033969999669705764
v -0.65106089320248683 0.581838926471544 0.02922207407696753
v -0.64028007331440095 0.59413209549377233 0.019504678296809241
v -0.54111090577799636 0.51803691686768238 0.0082387903843730848
v -0.4527225581296781 0.4296485692193639 0.0067753043641200494
v -0.7610108806269773 0.64564093607540585 0.056616666116176273
v -0.67262253297865882 0.55725258842708736 0.048592551338283718
v -0.66184171309057271 0.56954575744931568 0.038917800235070799
v -0.78257252040314906 0.6210545980309492 0.079263332562646838
v -0.69418417275483058 0.53266625038263071 0.067879889551500872
v -0.6834033528667447 0.54495941940485904 0.058246619692144286
v -0.58423418533034033 0.46886424077876898 0.040958699858391678
v -0.49584583768202184 0.38047589313045055 0.033646655163644346
v -0.48506501779393596 0.39276906215267887 0.02696172756023385
v -0.36433421048135983 0.34126022157104541 0.0053619933416915733
v -0.27594586283304134 0.25287187392272698 0.0039867800824018862
v -0.38589585025753159 0.31667388352658876 0.016016990361567895
v -0.2975075026092131 0.22828553587827033 0.011892363752119495
v -0.28672668272112722 0.24057870490049865 0.0079507521809620285
v -0.18755751518472286 0.16448352627440854 0.0026390345146997118
v -0.099169167536404368 0.076095178626090082 0.0013092080751682666
v -0.56267254555416857 0.49345057882322563 0.024643854309954416
v -0.47428419790585008 0.40506223117490719 0.02025538030231272
v -0.46350337801776398 0.41735540019713552 0.013526834132927046
v -0.80243734822788548 0.59516625038263071 0.10113833256264682
v -0.70326818069148112 0.51907107175654066 0.077114360671779736
v -0.82060536410118656 0.5679758931304506 0.12224166611617632
v -0.72143619656478197 0.49188071450436044 0.095375573375448164
v -0.71235218862813166 0.5054758931304506 0.086278202323027464
v -0.60409901315507675 0.44297589313045055 0.056876486360725731
v -0.50492984561867238 0.36688071450436044 0.040052085173015062
v -0.8387733799744872 0.54078553587827027 0.14334499966970579
v -0.73960421243808305 0.46469035725218022 0.11338100529715167
v -0.73052020450143251 0.47828553587827033 0.10440929808686733
v -0.85694139584778828 0.51359517862609005 0.16444833322323527
v -0.75777222831138391 0.43749999999999994 0.1311393717357941
v -0.74868822037473337 0.45109517862609005 0.12229121386672961
v -0.64043504490167846 0.38859517862609005 0.0873723267878877
v -0.54126587736527432 0.31249999999999994 0.065007624941792186
v -0.53218186942862378 0.32609517862609005 0.058867191339956604
v -0.40576067808226801 0.29078553587827033 0.026376788778336768
v -0.30659151054586364 0.21469035725218022 0.015653532237224266
v -0.42392869395556909 0.26359517862609005 0.036308067092144292
v -0.3247595264191645 0.18749999999999994 0.022976968882131132
v -0.31567551848251418 0.20109517862609008 0.019348261376169074
v -0.20742234300945928 0.13859517862609008 0.0077378541307263071
v -0.10825317547305491 0.062499999999999965 0.0025294855468626642
v -0.62226702902837783 0.41578553587827033 0.072256728451538466
v -0.52309786149197324 0.33969035725218022 0.052661607481185091
v -0.51401385355532292 0.35328553587827033 0.046390151456653816
v -0.87325716987529489 0.4853354290456362 0.18406092167691146
v -0.76500399440223976 0.4228354290456362 0.13921643827968225
v -0.88772070205700659 0.45600628713690866 0.20218276503073435
v -0.77946752658395191 0.39350628713690866 0.15503787984709672
v -0.77223576049309584 0.4081708580912724 0.14718044694355895
v -0.65675081892918508 0.3603354290456362 0.10164731111195319
v -0.54849764345613039 0.2978354290456362 0.070607018220476103
v -0.90218423423871874 0.42667714522818118 0.22030460838455723
v -0.79393105876566405 0.36417714522818118 0.17044913321988375
v -0.78669929267480798 0.37884171618254492 0.16279321003996841
v -0.91664776642043089 0.39734800331945364 0.23842645173838012
v -0.80839459094737576 0.33484800331945364 0.18546553124701437
v -0.80116282485651991 0.34951257427381743 0.17800672426437733
v -0.68567788329260893 0.30167714522818118 0.12784152583216199
v -0.57742470781955424 0.23917714522818118 0.091947409087353382
v -0.57019294172869817 0.25384171618254492 0.086769603634173187
v -0.44024446798307526 0.2353354290456362 0.045599275953614959
v -0.33199129251002057 0.1728354290456362 0.026256572150954338
v -0.45470800016478741 0.20600628713690866 0.054130783117158743
v -0.34645482469173272 0.14350628713690869 0.032499391785411613
v -0.33922305860087665 0.15817085809127243 0.029430592913787246
v -0.22373811703696589 0.1103354290456362 0.012310779354402723
v -0.11548494156391076 0.047835429045636209 0.0035777914807257893
v -0.67121435111089722 0.33100628713690866 0.11495499175630972
v -0.56296117563784209 0.26850628713690866 0.08148735326484996
v -0.55572940954698624 0.2831708580912724 0.076100039191121904
v -0.92913531923350945 0.36720038395726878 0.25444006315394929
v -0.81365037766959847 0.31936495491163253 0.19183374606343165
v -0.93964689267795465 0.33623428714162656 0.26834544263126475
v -0.82416195111404389 0.28839885809599031 0.20413809580327824
v -0.81890616439182118 0.30388190650381142 0.19805544605450426
v -0.69816543610568771 0.27152952586599632 0.13949983691394913
v -0.58268049454177695 0.22369409682036007 0.096358326992524612
v -0.95015846612240007 0.30526819032598435 0.28225082210858021
v -0.83467352455848931 0.25743276128034809 0.21590472054290885
v -0.8294177378362666 0.2729158096881692 0.2100868345960801
v -0.96067003956684549 0.27430209351034213 0.29615620158589573
v -0.84518509800293473 0.22646666446470587 0.22715070744615762
v -0.83992931128071202 0.24194971287252698 0.22159289900720949
v -0.71918858299457855 0.20959733223471186 0.15960353129791133
v -0.60370364143066757 0.16176190318907563 0.11262595082294335
v -0.59844785470844508 0.17724495159689674 0.10876444966489454
v -0.46719555297786619 0.17585866777472381 0.061719978110872875
v -0.35171061141395521 0.12802323872908758 0.035073552487202786
v -0.47770712642231139 0.14489257095908159 0.068269090354324768
v -0.36222218485840063 0.097057141913445361 0.039809455407229022
v -0.35696639813617792 0.11254019032126647 0.037510147253112081
v -0.23622566985004445 0.080187809683451336 0.016046149068480675
v -0.12074072828613347 0.032352380637815099 0.0043825645382001843
v -0.70867700955013313 0.24056342905035411 0.14982604726924029
v -0.59319206798622237 0.19272800000471785 0.1047663307268446
v -0.58793628126399966 0.20821104841253896 0.10063112379632674
v -0.96911570567466088 0.24278243849221237 0.30747953480913098
v -0.84837497738852763 0.21043005785439725 0.23137392709267932
v -0.97549546444584667 0.21070922527159514 0.31622082177828609
v -0.85475473615971298 0.17835684463377999 0.2393239256039561
v -0.8515648567741203 0.19439345124408863 0.23542936551286997
v -0.72763424910239394 0.17807767721658213 0.16784843510779035
v -0.60689352081626025 0.14572529657876698 0.11554655071874362
v -0.98187522321703202 0.17863601205097787 0.32496210874744114
v -0.86113449493089878 0.14628363141316275 0.24664646611438382
v -0.85794461554530588 0.16232023802347137 0.24306216174737505
v -0.98825498198821782 0.14656279883036061 0.33370339571659624
v -0.86751425370208413 0.11421041819254549 0.25335271271360094
v -0.86432437431649145 0.13024702480285411 0.25007719069189621
v -0.74039376664476508 0.11393125077534762 0.18048747209850449
v -0.61965303835863139 0.081578870137532483 0.1256280234637735
v -0.61646315897303872 0.097615476747841115 0.12334715437351457
v -0.486152792530127 0.11337291594095186 0.073637354770877017
v -0.36541206424399331 0.081020535303136729 0.041501907376834679
v -0.49253255130131235 0.081299702720334599 0.077755593068072615
v -0.3717918230151791 0.048947322082519479 0.044406434955639507
v -0.3686019436295862 0.064983928692828097 0.04303417473098492
v -0.24467133595785984 0.048668154665321602 0.018688560511213981
v -0.12393060767172637 0.016315774027506471 0.0048886719925127498
v -0.73401400787357951 0.14600446399596487 0.17448725041979743
v -0.61327327958744604 0.11365208335814975 0.12090681385557192
v -0.61008340020185314 0.12968868996845836 0.11830671945633436
v -0.99251425370208413 0.1142104181925455 0.33956478430102705
v -0.86858364603035776 0.097894644165038999 0.25514124951773076
v -0.99465303835863139 0.081578870137532539 0.34254627450073361
v -0.87072243068690525 0.065263096110026037 0.25819624465356783
v -0.86965303835863139 0.081578870137532511 0.25675400248696134
v -0.74465303835863139 0.081578870137532497 0.18475558773165451
v -0.62072243068690525 0.065263096110025995 0.12685840062034248
v -0.9967918230151791 0.048947322082519569 0.34552776470044017
v -0.87286121534345273 0.032631548055013067 0.2605792103027697
v -0.8717918230151791 0.048947322082519548 0.25947101386336552
v -0.99893060767172637 0.016315774027506606 0.34850925490014673
v -0.875 1.003588058419292e-16 0.26228900792854787
v -0.87393060767172637 0.016315774027506582 0.261519640159111
v -0.74893060767172637 0.016315774027506561 0.18906666383276519
v -0.625 5.8778295368655645e-17 0.13006327397589448
v -0.62393060767172637 0.016315774027506544 0.1295193305458322
v -0.4967918230151791 0.048947322082519493 0.080535065340213485
v -0.37286121534345273 0.03263154805501299 0.045101038089361611
v -0.49893060767172637 0.016315774027506526 0.081939953361667872
v -0.375 2.0129990858647382e-17 0.045974697578444801
v -0.37393060767172637 0.016315774027506506 0.045623771971736726
v -0.24893060767172637 0.016315774027506488 0.020056786112395308
v -0.125 -1.5888357301685645e-17 0.0050613362762699787
v -0.7467918230151791 0.048947322082519527 0.18725359229841018
v -0.62286121534345273 0.032631548055013032 0.12880392330988566
v -0.6217918230151791 0.048947322082519507 0.12791698345716476
v -0.99893060767172637 -0.016315774027506363 0.34850925490014673
v -0.87393060767172637 -0.016315774027506388 0.261519640159111
v -0.9967918230151791 -0.04894732208251934 0.34552776470044017
v -0.8717918230151791 -0.048947322082519361 0.25947101386336552
v -0.87286121534345273 -0.032631548055012873 0.2605792103027697
v -0.74893060767172637 -0.016315774027506409 0.18906666383276516
v -0.62393060767172637 -0.016315774027506426 0.1295193305458322
v -0.99465303835863139 -0.081578870137532317 0.34254627450073366
v -0.86965303835863139 -0.081578870137532331 0.25675400248696134
v -0.87072243068690525 -0.065263096110025842 0.25819624465356783
v -0.99251425370208413 -0.11421041819254528 0.3395647843010271
v -0.86751425370208413 -0.11421041819254529 0.25335271271360094
v -0.86858364603035776 -0.097894644165038819 0.25514124951773076
v -0.74465303835863139 -0.081578870137532344 0.18475558773165449
v -0.61965303835863139 -0.081578870137532372 0.1256280234637735
v -0.62072243068690525 -0.065263096110025884 0.12685840062034248
v -0.49893060767172637 -0.016315774027506443 0.081939953361667872
v -0.37393060767172637 -0.016315774027506464 0.045623771971736726
v -0.4967918230151791 -0.048947322082519409 0.080535065340213485
v -0.3717918230151791 -0.04894732208251943 0.044406434955639507
v -0.37286121534345273 -0.032631548055012949 0.045101038089361611
v -0.24893060767172637 -0.016315774027506481 0.020056786112395308
v -0.12393060767172637 -0.016315774027506499 0.0048886719925127498
v -0.7467918230151791 -0.048947322082519382 0.18725359229841018
v -0.6217918230151791 -0.048947322082519396 0.12791698345716473
v -0.62286121534345273 -0.032631548055012907 0.12880392330988563
v -0.98825498198821782 -0.14656279883036039 0.3337033957165963
v -0.86432437431649145 -0.13024702480285394 0.25007719069189621
v -0.98187522321703202 -0.17863601205097765 0.32496210874744119
v -0.85794461554530588 -0.16232023802347118 0.24306216174737505
v -0.86113449493089878 -0.14628363141316256 0.24664646611438382
v -0.74039376664476508 -0.11393125077534746 0.18048747209850449
v -0.61646315897303872 -0.09761547674784099 0.12334715437351457
v -0.97549546444584667 -0.21070922527159491 0.31622082177828614
v -0.8515648567741203 -0.19439345124408844 0.23542936551286994
v -0.85475473615971298 -0.17835684463377982 0.2393239256039561
v -0.96911570567466088 -0.24278243849221215 0.30747953480913104
v -0.84518509800293473 -0.2264666644647057 0.22715070744615762
v -0.84837497738852763 -0.21043005785439706 0.23137392709267929
v -0.72763424910239394 -0.17807767721658196 0.16784843510779035
v -0.60370364143066757 -0.16176190318907552 0.11262595082294333
v -0.60689352081626025 -0.14572529657876687 0.11554655071874359
v -0.49253255130131235 -0.08129970272033453 0.077755593068072615
v -0.3686019436295862 -0.064983928692828069 0.04303417473098492
v -0.486152792530127 -0.11337291594095179 0.073637354770877017
v -0.36222218485840063 -0.097057141913445333 0.039809455407229022
v -0.36541206424399331 -0.081020535303136687 0.041501907376834679
v -0.24467133595785984 -0.048668154665321595 0.018688560511213981
v -0.12074072828613347 -0.032352380637815127 0.0043825645382001843
v -0.73401400787357951 -0.14600446399596473 0.1744872504197974
v -0.61008340020185314 -0.12968868996845825 0.11830671945633436
v -0.61327327958744604 -0.11365208335814962 0.12090681385557189
v -0.96067003956684549 -0.2743020935103419 0.29615620158589573
v -0.83992931128071202 -0.24194971287252681 0.22159289900720947
v -0.95015846612240029 -0.30526819032598412 0.28225082210858032
v -0.8294177378362666 -0.27291580968816903 0.21008683459608007
v -0.83467352455848931 -0.25743276128034792 0.21590472054290882
v -0.71918858299457855 -0.20959733223471172 0.15960353129791133
v -0.59844785470844508 -0.17724495159689663 0.10876444966489454
v -0.93964689267795487 -0.33623428714162634 0.26834544263126486
v -0.8189061643918214 -0.30388190650381125 0.19805544605450437
v -0.82416195111404411 -0.28839885809599014 0.20413809580327835
v -0.92913531923350967 -0.36720038395726856 0.2544400631539494
v -0.8083945909473762 -0.33484800331945347 0.18546553124701462
v -0.81365037766959869 -0.31936495491163236 0.19183374606343176
v -0.69816543610568793 -0.27152952586599616 0.13949983691394924
v -0.57742470781955424 -0.23917714522818107 0.091947409087353382
v -0.58268049454177695 -0.22369409682035996 0.096358326992524612
v -0.47770712642231139 -0.14489257095908153 0.068269090354324713
v -0.35696639813617792 -0.11254019032126644 0.037510147253112081
v -0.46719555297786619 -0.17585866777472375 0.061719978110872875
v -0.34645482469173272 -0.14350628713690866 0.032499391785411558
v -0.35171061141395521 -0.12802323872908755 0.035073552487202786
v -0.23622566985004445 -0.080187809683451336 0.016046149068480675
v -0.11548494156391076 -0.047835429045636237 0.0035777914807257893
v -0.70867700955013313 -0.24056342905035394 0.14982604726924029
v -0.58793628126399966 -0.20821104841253885 0.10063112379632674
v -0.59319206798622237 -0.19272800000471774 0.1047663307268446
v -0.91664776642043089 -0.39734800331945341 0.23842645173838023
v -0.80116282485652013 -0.34951257427381721 0.17800672426437747
v -0.90218423423871874 -0.42667714522818095 0.22030460838455737
v -0.78669929267480798 -0.37884171618254475 0.16279321003996844
v -0.79393105876566405 -0.36417714522818101 0.17044913321988375
v -0.68567788329260937 -0.30167714522818101 0.12784152583216221
v -0.57019294172869839 -0.25384171618254481 0.086769603634173298
v -0.88772070205700704 -0.45600628713690849 0.20218276503073448
v -0.77223576049309606 -0.40817085809127229 0.14718044694355908
v -0.77946752658395191 -0.39350628713690849 0.15503787984709672
v -0.87325716987529489 -0.48533542904563598 0.18406092167691163
v -0.75777222831138391 -0.43749999999999978 0.13113937173579415
v -0.76500399440223998 -0.42283542904563604 0.13921643827968241
v -0.65675081892918508 -0.36033542904563609 0.10164731111195321
v -0.54126587736527432 -0.31249999999999989 0.065007624941792186
v -0.54849764345613039 -0.29783542904563609 0.070607018220476103
v -0.45470800016478741 -0.20600628713690863 0.054130783117158687
v -0.33922305860087665 -0.15817085809127243 0.029430592913787246
v -0.44024446798307526 -0.23533542904563615 0.045599275953614904
v -0.3247595264191645 -0.18749999999999994 0.022976968882131077
v -0.33199129251002057 -0.1728354290456362 0.026256572150954283
v -0.22373811703696589 -0.1103354290456362 0.012310779354402723
v -0.10825317547305491 -0.0625 0.0025294855468626642
v -0.67121435111089722 -0.33100628713690855 0.11495499175630972
v -0.55572940954698624 -0.28317085809127235 0.076100039191121904
v -0.56296117563784231 -0.26850628713690861 0.081487353264850071
v -0.85694139584778828 -0.51359517862608994 0.16444833322323543
v -0.74868822037473359 -0.45109517862608994 0.12229121386672975
v -0.83877337997448764 -0.54078553587827005 0.14334499966970596
v -0.73052020450143274 -0.47828553587827016 0.1044092980868675
v -0.73960421243808305 -0.46469035725218 0.11338100529715175
v -0.64043504490167869 -0.38859517862608994 0.087372326787887811
v -0.53218186942862378 -0.32609517862609 0.058867191339956604
v -0.82060536410118656 -0.56797589313045038 0.12224166611617648
v -0.71235218862813166 -0.50547589313045038 0.08627820232302752
v -0.7214361965647822 -0.49188071450436022 0.095375573375448386
v -0.80243734822788548 -0.59516625038263049 0.10113833256264698
v -0.6941841727548308 -0.5326662503826306 0.067879889551501038
v -0.70326818069148112 -0.51907107175654044 0.077114360671779847
v -0.60409901315507675 -0.44297589313045038 0.056876486360725786
v -0.49584583768202184 -0.38047589313045038 0.033646655163644401
v -0.50492984561867238 -0.36688071450436033 0.040052085173015062
v -0.42392869395556909 -0.26359517862609 0.036308067092144292
v -0.31567551848251418 -0.20109517862609005 0.019348261376169018
v -0.40576067808226801 -0.29078553587827022 0.026376788778336768
v -0.2975075026092131 -0.22828553587827027 0.011892363752119439
v -0.30659151054586364 -0.21469035725218016 0.015653532237224266
v -0.20742234300945928 -0.13859517862609008 0.0077378541307263071
v -0.099169167536404368 -0.07609517862609011 0.0013092080751682111
v -0.62226702902837783 -0.41578553587827016 0.072256728451538466
v -0.51401385355532292 -0.35328553587827016 0.046390151456653816
v -0.52309786149197346 -0.33969035725218011 0.052661607481185146
v -0.78257252040314906 -0.62105459803094898 0.07926333256264706
v -0.6834033528667447 -0.54495941940485892 0.058246619692144397
v -0.7610108806269773 -0.64564093607540562 0.056616666116176551
v -0.66184171309057294 -0.56954575744931557 0.038917800235070965
v -0.67262253297865882 -0.55725258842708725 0.048592551338283774
v -0.58423418533034033 -0.46886424077876881 0.040958699858391734
v -0.48506501779393596 -0.39276906215267871 0.026961727560233906
v -0.73944924085080554 -0.67022727411986227 0.033969999669706152
v -0.64028007331440118 -0.59413209549377211 0.019504678296809463
v -0.65106089320248706 -0.58183892647154378 0.029222074076967697
v -0.71788760107463379 -0.69481361216431892 0.011323333223235643
v -0.61871843353822942 -0.61871843353822875 3.3306690738754696e-16
v -0.6294992534263153 -0.60642526451600043 0.0097645043921212871
v -0.54111090577799681 -0.51803691686768205 0.0082387903843733623
v -0.44194173824159244 -0.441941738241592 1.1102230246251565e-16
v -0.45272255812967832 -0.42964856921936367 0.0067753043641201605
v -0.38589585025753159 -0.31667388352658865 0.016016990361567895
v -0.28672668272112722 -0.2405787049004986 0.0079507521809620285
v -0.36433421048135983 -0.3412602215710453 0.0053619933416915733
v -0.26516504294495546 -0.26516504294495519 5.5511151231257827e-17
v -0.27594586283304134 -0.25287187392272692 0.0039867800824018862
v -0.18755751518472286 -0.16448352627440849 0.0026390345146996563
v -0.088388347648318488 -0.088388347648318419 0
v -0.56267254555416857 -0.49345057882322541 0.024643854309954472
v -0.4635033780177642 -0.41735540019713535 0.013526834132927101
v -0.47428419790585008 -0.40506223117490703 0.02025538030231272
v -0.69481361216431958 -0.71788760107463312 -0.011323333223234866
v -0.60642526451600109 -0.62949925342631463 -0.0097645043921206764
v -0.67022727411986294 -0.73944924085080499 -0.033969999669705486
v -0.58183892647154423 -0.65106089320248661 -0.029222074076967308
v -0.59413209549377277 -0.64028007331440062 -0.019504678296808908
v -0.51803691686768261 -0.54111090577799636 -0.0082387903843729737
v -0.42964856921936412 -0.45272255812967788 -0.0067753043641199384
v -0.64564093607540585 -0.76101088062697697 -0.056616666116176106
v -0.55725258842708758 -0.67262253297865859 -0.048592551338283496
v -0.5695457574493159 -0.6618417130905726 -0.038917800235070632
v -0.6210545980309492 -0.78257252040314895 -0.079263332562646727
v -0.53266625038263071 -0.69418417275483058 -0.067879889551500872
v -0.54495941940485904 -0.68340335286674458 -0.05824661969214423
v -0.46886424077876887 -0.58423418533034022 -0.040958699858391678
v -0.3804758931304506 -0.49584583768202184 -0.033646655163644346
v -0.39276906215267893 -0.48506501779393585 -0.02696172756023385
v -0.34126022157104563 -0.3643342104813595 -0.0053619933416914067
v -0.25287187392272714 -0.27594586283304112 -0.0039867800824018307
v -0.31667388352658898 -0.38589585025753148 -0.01601699036156784
v -0.22828553587827027 -0.2975075026092131 -0.011892363752119495
v -0.24057870490049882 -0.28672668272112711 -0.0079507521809620285
v -0.16448352627440865 -0.1875575151847228 -0.0026390345146996563
v -0.076095178626090165 -0.099169167536404396 -0.0013092080751682666
v -0.49345057882322596 -0.56267254555416824 -0.024643854309954194
v -0.40506223117490725 -0.47428419790584986 -0.020255380302312609
v -0.4173554001971358 -0.46350337801776387 -0.013526834132926935
v -0.59516625038263093 -0.80243734822788537 -0.10113833256264676
v -0.51907107175654055 -0.703268180691481 -0.077114360671779736
v -0.5679758931304506 -0.82060536410118623 -0.12224166611617615
v -0.49188071450436066 -0.72143619656478186 -0.095375573375448053
v -0.5054758931304506 -0.71235218862813143 -0.086278202323027353
v -0.4429758931304506 -0.60409901315507664 -0.056876486360725675
v -0.36688071450436066 -0.50492984561867227 -0.040052085173015006
v -0.54078553587827072 -0.83877337997448709 -0.1433449996697056
v -0.46469035725218033 -0.73960421243808272 -0.1133810052971515
v -0.4782855358782705 -0.73052020450143229 -0.10440929808686716
v -0.51359517862609039 -0.85694139584778795 -0.16444833322323504
v -0.43750000000000044 -0.75777222831138358 -0.13113937173579382
v -0.45109517862609039 -0.74868822037473315 -0.12229121386672942
v -0.38859517862609039 -0.64043504490167835 -0.087372326787887589
v -0.31250000000000044 -0.54126587736527398 -0.065007624941791964
v -0.32609517862609039 -0.53218186942862356 -0.058867191339956437
v -0.29078553587827027 -0.4057606780822679 -0.026376788778336713
v -0.21469035725218033 -0.30659151054586353 -0.015653532237224266
v -0.26359517862609039 -0.42392869395556876 -0.036308067092144181
v -0.1875 -0.32475952641916439 -0.022976968882131077
v -0.20109517862609017 -0.31567551848251396 -0.019348261376169018
v -0.13859517862609017 -0.20742234300945919 -0.0077378541307263071
v -0.0625 -0.10825317547305482 -0.0025294855468626642
v -0.4157855358782705 -0.62226702902837749 -0.072256728451538299
v -0.33969035725218033 -0.52309786149197313 -0.052661607481185035
v -0.3532855358782705 -0.5140138535553227 -0.046390151456653705
v -0.48533542904563665 -0.87325716987529445 -0.18406092167691124
v -0.42283542904563665 -0.76500399440223965 -0.13921643827968211
v -0.45600628713690883 -0.88772070205700659 -0.20218276503073429
v -0.39350628713690883 -0.7794675265839518 -0.1550378798470966
v -0.40817085809127285 -0.77223576049309572 -0.14718044694355881
v -0.36033542904563642 -0.65675081892918485 -0.10164731111195308
v -0.29783542904563642 -0.54849764345613006 -0.070607018220475937
v -0.42667714522818123 -0.90218423423871874 -0.22030460838455712
v -0.36417714522818101 -0.79393105876566394 -0.17044913321988375
v -0.37884171618254481 -0.78669929267480787 -0.16279321003996838
v -0.39734800331945341 -0.91664776642043089 -0.23842645173838017
v -0.33484800331945341 -0.80839459094737598 -0.18546553124701459
v -0.34951257427381721 -0.80116282485651991 -0.17800672426437736
v -0.30167714522818101 -0.68567788329260915 -0.12784152583216213
v -0.23917714522818101 -0.57742470781955424 -0.091947409087353438
v -0.25384171618254481 -0.57019294172869828 -0.086769603634173298
v -0.23533542904563642 -0.44024446798307526 -0.045599275953614904
v -0.1728354290456362 -0.33199129251002046 -0.026256572150954283
v -0.20600628713690861 -0.45470800016478741 -0.054130783117158743
v -0.14350628713690861 -0.34645482469173261 -0.032499391785411613
v -0.1581708580912724 -0.33922305860087654 -0.029430592913787246
v -0.1103354290456362 -0.22373811703696567 -0.012310779354402723
v -0.047835429045636202 -0.11548494156391088 -0.0035777914807257893
v -0.33100628713690883 -0.671214351110897 -0.11495499175630958
v -0.26850628713690861 -0.5629611756378422 -0.081487353264850015
v -0.2831708580912724 -0.55572940954698613 -0.076100039191121849
v -0.36720038395726862 -0.92913531923350945 -0.2544400631539494
v -0.31936495491163219 -0.81365037766959869 -0.19183374606343184
v -0.33623428714162618 -0.93964689267795487 -0.26834544263126492
v -0.2883988580959902 -0.82416195111404411 -0.20413809580327835
v -0.30388190650381119 -0.8189061643918214 -0.19805544605450442
v -0.27152952586599621 -0.69816543610568782 -0.13949983691394918
v -0.22369409682035979 -0.58268049454177695 -0.096358326992524668
v -0.30526819032598418 -0.95015846612240029 -0.28225082210858032
v -0.25743276128034775 -0.83467352455848942 -0.21590472054290899
v -0.27291580968816898 -0.82941773783626671 -0.21008683459608024
v -0.27430209351034174 -0.96067003956684571 -0.29615620158589584
v -0.22646666446470576 -0.84518509800293473 -0.22715070744615762
v -0.24194971287252676 -0.83992931128071213 -0.22159289900720958
v -0.20959733223471178 -0.71918858299457855 -0.15960353129791138
v -0.16176190318907535 -0.60370364143066768 -0.11262595082294347
v -0.17724495159689657 -0.59844785470844497 -0.10876444966489457
v -0.17585866777472381 -0.46719555297786608 -0.061719978110872875
v -0.12802323872908739 -0.35171061141395527 -0.035073552487202841
v -0.14489257095908137 -0.4777071264223115 -0.068269090354324824
v -0.097057141913445388 -0.36222218485840063 -0.039809455407229022
v -0.11254019032126639 -0.35696639813617792 -0.037510147253112136
v -0.080187809683451405 -0.23622566985004442 -0.016046149068480675
v -0.032352380637814981 -0.12074072828613357 -0.0043825645382002398
v -0.24056342905035377 -0.70867700955013313 -0.14982604726924037
v -0.19272800000471779 -0.59319206798622237 -0.1047663307268446
v -0.20821104841253879 -0.58793628126399966 -0.10063112379632677
v -0.24278243849221215 -0.9691157056746611 -0.30747953480913115
v -0.21043005785439695 -0.84837497738852752 -0.23137392709267934
v -0.21070922527159475 -0.97549546444584656 -0.31622082177828614
v -0.17835684463377977 -0.85475473615971298 -0.23932392560395621
v -0.19439345124408836 -0.8515648567741203 -0.23542936551286997
v -0.17807767721658196 -0.72763424910239394 -0.16784843510779046
v -0.14572529657876676 -0.60689352081626047 -0.11554655071874376
v -0.17863601205097757 -0.98187522321703213 -0.32496210874744136
v -0.14628363141316236 -0.86113449493089855 -0.24664646611438379
v -0.16232023802347095 -0.85794461554530588 -0.24306216174737516
v -0.14656279883036016 -0.9882549819882176 -0.33370339571659635
v -0.11421041819254518 -0.86751425370208413 -0.25335271271360105
v -0.13024702480285377 -0.86432437431649134 -0.25007719069189627
v -0.11393125077534738 -0.74039376664476508 -0.18048747209850458
v -0.081578870137532178 -0.6196530383586315 -0.12562802346377361
v -0.09761547674784099 -0.61646315897303872 -0.12334715437351462
v -0.11337291594095178 -0.48615279253012689 -0.073637354770877017
v -0.081020535303136576 -0.36541206424399342 -0.041501907376834735
v -0.081299702720334377 -0.49253255130131246 -0.07775559306807267
v -0.048947322082519396 -0.37179182301517888 -0.044406434955639507
v -0.064983928692827986 -0.36860194362958615 -0.04303417473098492
v -0.048668154665321595 -0.24467133595785986 -0.018688560511214036
v -0.016315774027506391 -0.12393060767172633 -0.0048886719925127498
v -0.14600446399596456 -0.73401400787357951 -0.17448725041979751
v -0.11365208335814958 -0.61327327958744604 -0.12090681385557195
v -0.12968868996845817 -0.61008340020185314 -0.11830671945633442
v -0.11421041819254518 -0.99251425370208413 -0.33956478430102721
v -0.097894644165038791 -0.86858364603035776 -0.25514124951773087
v -0.0815788701375324 -0.9946530383586315 -0.34254627450073372
v -0.065263096110026009 -0.87072243068690525 -0.25819624465356794
v -0.0815788701375324 -0.8696530383586315 -0.25675400248696145
v -0.0815788701375324 -0.7446530383586315 -0.18475558773165457
v -0.065263096110026009 -0.62072243068690525 -0.12685840062034254
v -0.048947322082519618 -0.99679182301517888 -0.34552776470044022
v -0.032631548055013226 -0.87286121534345262 -0.26057921030276965
v -0.048947322082519396 -0.87179182301517888 -0.25947101386336546
v -0.016315774027506613 -0.99893060767172637 -0.34850925490014673
v 0 -0.875 -0.26228900792854792
v -0.016315774027506613 -0.87393060767172637 -0.261519640159111
v -0.016315774027506613 -0.74893060767172637 -0.18906666383276527
v 0 -0.625 -0.13006327397589451
v -0.016315774027506613 -0.62393060767172637 -0.12951933054583226
v -0.048947322082519396 -0.49679182301517888 -0.080535065340213485
v -0.032631548055012782 -0.37286121534345262 -0.045101038089361611
v -0.016315774027506391 -0.49893060767172631 -0.081939953361667872
v 0 -0.375 -0.045974697578444801
v -0.016315774027506391 -0.37393060767172631 -0.045623771971736726
v -0.016315774027506391 -0.24893060767172631 -0.020056786112395308
v 0 -0.12500000000000003 -0.0050613362762699787
v -0.048947322082519396 -0.74679182301517888 -0.1872535922984101
v -0.032631548055012782 -0.62286121534345262 -0.12880392330988566
v -0.048947322082519396 -0.62179182301517888 -0.12791698345716468
v 0.016315774027506169 -0.99893060767172637 -0.34850925490014673
v 0.016315774027506391 -0.87393060767172637 -0.261519640159111
v 0.048947322082519173 -0.99679182301517888 -0.34552776470044022
v 0.048947322082519173 -0.87179182301517888 -0.25947101386336546
v 0.032631548055012782 -0.87286121534345262 -0.26057921030276965
v 0.016315774027506391 -0.74893060767172637 -0.18906666383276527
v 0.016315774027506391 -0.62393060767172637 -0.12951933054583226
v 0.081578870137531956 -0.99465303835863161 -0.34254627450073372
v 0.081578870137531956 -0.86965303835863161 -0.25675400248696156
v 0.065263096110025565 -0.87072243068690525 -0.25819624465356794
v 0.11421041819254474 -0.99251425370208413 -0.33956478430102721
v 0.11421041819254474 -0.86751425370208413 -0.25335271271360105
v 0.097894644165038347 -0.86858364603035787 -0.25514124951773098
v 0.081578870137531956 -0.74465303835863161 -0.18475558773165468
v 0.081578870137531956 -0.61965303835863161 -0.12562802346377366
v 0.065263096110025565 -0.62072243068690525 -0.12685840062034254
v 0.016315774027506391 -0.49893060767172631 -0.081939953361667872
v 0.016315774027506391 -0.37393060767172631 -0.045623771971736726
v 0.048947322082519173 -0.49679182301517893 -0.080535065340213485
v 0.048947322082519173 -0.37179182301517893 -0.044406434955639507
v 0.032631548055012782 -0.37286121534345262 -0.045101038089361611
v 0.016315774027506391 -0.24893060767172631 -0.020056786112395308
v 0.016315774027506391 -0.12393060767172634 -0.0048886719925127498
v 0.048947322082519173 -0.74679182301517888 -0.1872535922984101
v 0.048947322082519173 -0.62179182301517888 -0.12791698345716473
v 0.032631548055012782 -0.62286121534345262 -0.12880392330988566
v 0.14656279883035994 -0.98825498198821771 -0.33370339571659646
v 0.13024702480285344 -0.86432437431649145 -0.25007719069189638
v 0.17863601205097712 -0.98187522321703224 -0.32496210874744136
v 0.16232023802347073 -0.85794461554530588 -0.24306216174737516
v 0.14628363141316214 -0.86113449493089866 -0.2466464661143839
v 0.11393125077534694 -0.74039376664476508 -0.18048747209850458
v 0.097615476747840546 -0.61646315897303883 -0.12334715437351468
v 0.2107092252715943 -0.97549546444584667 -0.31622082177828637
v 0.19439345124408791 -0.85156485677412042 -0.23542936551287019
v 0.17835684463377932 -0.8547547361597132 -0.23932392560395632
v 0.24278243849221171 -0.96911570567466121 -0.30747953480913126
v 0.22646666446470531 -0.84518509800293484 -0.22715070744615784
v 0.21043005785439661 -0.84837497738852763 -0.23137392709267945
v 0.17807767721658152 -0.72763424910239405 -0.16784843510779057
v 0.16176190318907513 -0.60370364143066779 -0.11262595082294352
v 0.14572529657876654 -0.60689352081626047 -0.11554655071874376
v 0.081299702720334155 -0.49253255130131246 -0.07775559306807267
v 0.064983928692827764 -0.3686019436295862 -0.043034174730984975
v 0.11337291594095156 -0.486152792530127 -0.073637354770877073
v 0.097057141913445166 -0.36222218485840069 -0.039809455407229077
v 0.081020535303136465 -0.36541206424399342 -0.041501907376834735
v 0.048668154665321373 -0.24467133595785989 -0.018688560511214036
v 0.032352380637814981 -0.12074072828613358 -0.0043825645382001843
v 0.14600446399596434 -0.73401400787357962 -0.17448725041979762
v 0.12968868996845795 -0.61008340020185325 -0.11830671945633447
v 0.11365208335814925 -0.61327327958744604 -0.120906813855572
v 0.2743020935103414 -0.96067003956684571 -0.29615620158589606
v 0.24194971287252631 -0.83992931128071213 -0.22159289900720969
v 0.30526819032598362 -0.95015846612240029 -0.28225082210858055
v 0.27291580968816853 -0.82941773783626682 -0.21008683459608035
v 0.25743276128034753 -0.83467352455848953 -0.2159047205429091
v 0.20959733223471133 -0.71918858299457855 -0.15960353129791149
v 0.17724495159689635 -0.59844785470844508 -0.10876444966489462
v 0.33623428714162584 -0.93964689267795509 -0.26834544263126514
v 0.30388190650381075 -0.81890616439182151 -0.19805544605450465
v 0.28839885809598975 -0.82416195111404411 -0.20413809580327846
v 0.36720038395726806 -0.92913531923350967 -0.25444006315394962
v 0.33484800331945297 -0.80839459094737609 -0.1854655312470147
v 0.31936495491163197 -0.8136503776695988 -0.19183374606343195
v 0.27152952586599577 -0.69816543610568793 -0.13949983691394935
v 0.23917714522818079 -0.57742470781955435 -0.091947409087353493
v 0.22369409682035957 -0.58268049454177706 -0.096358326992524723
v 0.14489257095908126 -0.4777071264223115 -0.068269090354324824
v 0.11254019032126616 -0.35696639813617798 -0.037510147253112136
v 0.17585866777472348 -0.46719555297786619 -0.061719978110872931
v 0.14350628713690838 -0.34645482469173261 -0.032499391785411613
v 0.12802323872908739 -0.35171061141395532 -0.035073552487202841
v 0.080187809683451183 -0.23622566985004445 -0.016046149068480675
v 0.047835429045636202 -0.1154849415639109 -0.0035777914807257893
v 0.24056342905035355 -0.70867700955013335 -0.14982604726924054
v 0.20821104841253857 -0.58793628126399977 -0.10063112379632688
v 0.19272800000471735 -0.59319206798622237 -0.10476633072684471
v 0.39734800331945297 -0.91664776642043089 -0.2384264517383804
v 0.34951257427381688 -0.80116282485652002 -0.17800672426437758
v 0.42667714522818079 -0.90218423423871874 -0.22030460838455734
v 0.37884171618254459 -0.78669929267480798 -0.16279321003996849
v 0.36417714522818079 -0.79393105876566394 -0.17044913321988375
v 0.30167714522818079 -0.68567788329260915 -0.12784152583216218
v 0.25384171618254459 -0.57019294172869828 -0.086769603634173353
v 0.45600628713690849 -0.88772070205700682 -0.20218276503073451
v 0.4081708580912724 -0.77223576049309584 -0.14718044694355897
v 0.39350628713690838 -0.77946752658395191 -0.15503787984709683
v 0.4853354290456362 -0.87325716987529467 -0.18406092167691146
v 0.4375 -0.7577722283113838 -0.13113937173579404
v 0.4228354290456362 -0.76500399440223987 -0.13921643827968233
v 0.3603354290456362 -0.65675081892918508 -0.10164731111195324
v 0.3125 -0.5412658773652741 -0.06500762494179213
v 0.2978354290456362 -0.54849764345613017 -0.070607018220476048
v 0.20600628713690838 -0.45470800016478741 -0.054130783117158743
v 0.15817085809127229 -0.33922305860087659 -0.029430592913787301
v 0.2353354290456362 -0.44024446798307537 -0.045599275953615015
v 0.1875 -0.3247595264191645 -0.022976968882131077
v 0.1728354290456362 -0.33199129251002052 -0.026256572150954283
v 0.1103354290456362 -0.22373811703696572 -0.012310779354402723
v 0.0625 -0.10825317547305485 -0.0025294855468626642
v 0.33100628713690838 -0.671214351110897 -0.11495499175630969
v 0.28317085809127229 -0.55572940954698624 -0.076100039191121904
v 0.26850628713690838 -0.5629611756378422 -0.081487353264850071
v 0.51359517862609005 -0.85694139584778828 -0.16444833322323527
v 0.45109517862609005 -0.74868822037473337 -0.12229121386672964
v 0.54078553587827005 -0.83877337997448742 -0.14334499966970604
v 0.47828553587827005 -0.73052020450143262 -0.1044092980868675
v 0.46469035725218 -0.73960421243808305 -0.11338100529715178
v 0.38859517862608994 -0.64043504490167857 -0.087372326787887811
v 0.32609517862608994 -0.53218186942862378 -0.058867191339956604
v 0.56797589313044994 -0.82060536410118678 -0.12224166611617682
v 0.50547589313044994 -0.71235218862813199 -0.086278202323027853
v 0.49188071450435999 -0.72143619656478231 -0.095375573375448497
v 0.59516625038262994 -0.80243734822788615 -0.10113833256264754
v 0.53266625038262982 -0.69418417275483124 -0.067879889551501538
v 0.51907107175653988 -0.70326818069148156 -0.077114360671780235
v 0.44297589313044994 -0.60409901315507719 -0.05687648636072612
v 0.38047589313044994 -0.49584583768202228 -0.033646655163644679
v 0.36688071450435999 -0.50492984561867271 -0.040052085173015284
v 0.26359517862608994 -0.42392869395556892 -0.036308067092144292
v 0.20109517862608994 -0.31567551848251413 -0.019348261376169074
v 0.29078553587827005 -0.40576067808226823 -0.026376788778336879
v 0.22828553587827005 -0.29750750260921344 -0.01189236375211955
v 0.21469035725218 -0.30659151054586375 -0.015653532237224321
v 0.13859517862608994 -0.20742234300945933 -0.0077378541307263071
v 0.076095178626089943 -0.099169167536404493 -0.0013092080751682666
v 0.41578553587827005 -0.62226702902837783 -0.072256728451538577
v 0.35328553587827005 -0.51401385355532303 -0.046390151456653927
v 0.33969035725218 -0.52309786149197335 -0.052661607481185146
v 0.62105459803094831 -0.78257252040314973 -0.079263332562647615
v 0.54495941940485837 -0.68340335286674514 -0.058246619692144785
v 0.64564093607540518 -0.76101088062697764 -0.056616666116176884
v 0.56954575744931524 -0.66184171309057316 -0.038917800235071187
v 0.55725258842708669 -0.67262253297865926 -0.048592551338284162
v 0.46886424077876832 -0.58423418533034077 -0.040958699858392067
v 0.39276906215267837 -0.48506501779393629 -0.026961727560234128
v 0.67022727411986205 -0.73944924085080566 -0.033969999669706208
v 0.59413209549377211 -0.64028007331440118 -0.019504678296809408
v 0.58183892647154367 -0.65106089320248717 -0.029222074076967808
v 0.69481361216431892 -0.71788760107463367 -0.011323333223235532
v 0.61871843353822897 -0.6187184335382292 -1.1102230246251565e-16
v 0.60642526451600054 -0.62949925342631519 -0.009764504392121176
v 0.51803691686768216 -0.5411109057779967 -0.0082387903843733068
v 0.44194173824159211 -0.44194173824159227 -5.5511151231257827e-17
v 0.42964856921936367 -0.45272255812967827 -0.0067753043641201605
v 0.31667388352658843 -0.38589585025753181 -0.016016990361568006
v 0.24057870490049837 -0.28672668272112739 -0.0079507521809621395
v 0.3412602215710453 -0.36433421048135983 -0.0053619933416915733
v 0.26516504294495524 -0.26516504294495541 0
v 0.25287187392272692 -0.2759458628330414 -0.0039867800824018862
v 0.16448352627440843 -0.18755751518472297 -0.0026390345146997118
v 0.088388347648318488 -0.088388347648318488 0
v 0.49345057882322518 -0.56267254555416879 -0.024643854309954638
v 0.41735540019713524 -0.46350337801776426 -0.013526834132927212
v 0.40506223117490681 -0.4742841979058503 -0.020255380302312886
v 0.71788760107463334 -0.69481361216431936 0.011323333223235088
v 0.62949925342631485 -0.60642526451600087 0.0097645043921208985
v 0.73944924085080521 -0.67022727411986271 0.033969999669705653
v 0.65106089320248683 -0.58183892647154423 0.029222074076967419
v 0.64028007331440084 -0.59413209549377255 0.019504678296809075
v 0.54111090577799648 -0.51803691686768238 0.0082387903843730848
v 0.4527225581296781 -0.42964856921936395 0.0067753043641200494
v 0.76101088062697708 -0.64564093607540585 0.056616666116176217
v 0.6726225329786587 -0.55725258842708747 0.048592551338283607
v 0.66184171309057271 -0.56954575744931579 0.038917800235070743
v 0.78257252040314906 -0.6210545980309492 0.079263332562646727
v 0.69418417275483058 -0.53266625038263071 0.067879889551500927
v 0.6834033528667447 -0.54495941940485904 0.058246619692144286
v 0.58423418533034033 -0.46886424077876898 0.040958699858391678
v 0.49584583768202184 -0.38047589313045055 0.033646655163644401
v 0.48506501779393596 -0.39276906215267893 0.02696172756023385
v 0.36433421048135961 -0.34126022157104552 0.0053619933416914622
v 0.27594586283304123 -0.25287187392272703 0.0039867800824018307
v 0.38589585025753159 -0.31667388352658876 0.016016990361567895
v 0.2975075026092131 -0.22828553587827033 0.011892363752119495
v 0.28672668272112722 -0.24057870490049871 0.0079507521809620285
v 0.18755751518472286 -0.1644835262744086 0.0026390345146996563
v 0.099169167536404368 -0.076095178626090137 0.0013092080751682666
v 0.56267254555416835 -0.49345057882322574 0.024643854309954305
v 0.47428419790584997 -0.40506223117490725 0.020255380302312664
v 0.46350337801776398 -0.41735540019713557 0.013526834132927046
v 0.80243734822788537 -0.59516625038263082 0.10113833256264676
v 0.703268180691481 -0.51907107175654077 0.07711436067177968
v 0.82060536410118623 -0.56797589313045072 0.12224166611617615
v 0.72143619656478186 -0.49188071450436061 0.095375573375448108
v 0.71235218862813143 -0.5054758931304506 0.086278202323027353
v 0.60409901315507664 -0.4429758931304506 0.056876486360725675
v 0.50492984561867227 -0.36688071450436049 0.040052085173015062
v 0.83877337997448709 -0.54078553587827061 0.14334499966970557
v 0.73960421243808272 -0.4646903572521805 0.11338100529715145
v 0.73052020450143229 -0.47828553587827055 0.10440929808686719
v 0.85694139584778795 -0.5135951786260905 0.16444833322323499
v 0.75777222831138358 -0.43750000000000039 0.13113937173579385
v 0.74868822037473315 -0.45109517862609044 0.12229121386672942
v 0.64043504490167835 -0.38859517862609039 0.087372326787887589
v 0.54126587736527398 -0.31250000000000028 0.065007624941792019
v 0.53218186942862356 -0.32609517862609033 0.058867191339956493
v 0.4057606780822679 -0.29078553587827038 0.026376788778336713
v 0.30659151054586353 -0.21469035725218027 0.015653532237224266
v 0.42392869395556876 -0.26359517862609028 0.036308067092144181
v 0.32475952641916439 -0.18750000000000017 0.022976968882131077
v 0.31567551848251396 -0.20109517862609022 0.019348261376169018
v 0.20742234300945916 -0.13859517862609019 0.0077378541307263071
v 0.1082531754730548 -0.062500000000000083 0.0025294855468626087
v 0.62226702902837749 -0.4157855358782705 0.072256728451538299
v 0.52309786149197313 -0.33969035725218039 0.052661607481185035
v 0.5140138535553227 -0.35328553587827044 0.046390151456653705
v 0.87325716987529445 -0.48533542904563659 0.18406092167691118
v 0.76500399440223965 -0.42283542904563653 0.13921643827968214
v 0.88772070205700659 -0.45600628713690888 0.20218276503073421
v 0.7794675265839518 -0.39350628713690883 0.15503787984709663
v 0.77223576049309572 -0.40817085809127268 0.14718044694355883
v 0.65675081892918485 -0.36033542904563648 0.10164731111195308
v 0.54849764345613006 -0.29783542904563642 0.070607018220475992
v 0.90218423423871863 -0.42667714522818118 0.2203046083845572
v 0.79393105876566383 -0.36417714522818112 0.1704491332198837
v 0.78669929267480787 -0.37884171618254497 0.16279321003996836
v 0.91664776642043078 -0.39734800331945341 0.2384264517383802
v 0.80839459094737598 -0.33484800331945341 0.18546553124701459
v 0.80116282485651991 -0.34951257427381727 0.17800672426437744
v 0.68567788329260915 -0.30167714522818107 0.12784152583216216
v 0.57742470781955435 -0.23917714522818101 0.091947409087353493
v 0.57019294172869828 -0.25384171618254486 0.086769603634173298
v 0.44024446798307526 -0.23533542904563637 0.045599275953614959
v 0.33199129251002046 -0.17283542904563631 0.026256572150954283
v 0.45470800016478741 -0.20600628713690866 0.054130783117158743
v 0.34645482469173261 -0.14350628713690861 0.032499391785411613
v 0.33922305860087654 -0.15817085809127246 0.029430592913787246
v 0.22373811703696567 -0.11033542904563629 0.012310779354402668
v 0.11548494156391087 -0.047835429045636223 0.0035777914807257893
v 0.671214351110897 -0.33100628713690877 0.11495499175630963
v 0.5629611756378422 -0.26850628713690872 0.081487353264850071
v 0.55572940954698613 -0.28317085809127257 0.076100039191121849
v 0.92913531923350945 -0.36720038395726856 0.2544400631539494
v 0.81365037766959869 -0.31936495491163241 0.19183374606343179
v 0.93964689267795487 -0.33623428714162656 0.26834544263126475
v 0.824161951114044 -0.28839885809599042 0.20413809580327827
v 0.81890616439182129 -0.30388190650381142 0.19805544605450434
v 0.69816543610568782 -0.27152952586599621 0.13949983691394924
v 0.58268049454177695 -0.22369409682036001 0.096358326992524668
v 0.95015846612240007 -0.30526819032598457 0.28225082210858016
v 0.83467352455848931 -0.25743276128034837 0.21590472054290877
v 0.8294177378362666 -0.27291580968816936 0.21008683459608007
v 0.96067003956684549 -0.27430209351034257 0.29615620158589551
v 0.84518509800293462 -0.22646666446470637 0.22715070744615745
v 0.83992931128071191 -0.24194971287252737 0.22159289900720938
v 0.71918858299457844 -0.20959733223471219 0.15960353129791127
v 0.60370364143066757 -0.16176190318907602 0.11262595082294335
v 0.59844785470844497 -0.17724495159689702 0.10876444966489451
v 0.46719555297786619 -0.17585866777472381 0.061719978110872931
v 0.35171061141395521 -0.12802323872908761 0.035073552487202786
v 0.47770712642231139 -0.14489257095908181 0.068269090354324768
v 0.36222218485840063 -0.09705714191344561 0.039809455407229022
v 0.35696639813617792 -0.11254019032126661 0.037510147253112136
v 0.23622566985004445 -0.080187809683451419 0.016046149068480675
v 0.12074072828613347 -0.032352380637815224 0.0043825645382001843
v 0.70867700955013313 -0.24056342905035422 0.14982604726924031
v 0.59319206798622226 -0.19272800000471801 0.10476633072684458
v 0.58793628126399966 -0.20821104841253901 0.1006311237963268
v 0.96911570567466088 -0.24278243849221284 0.30747953480913082
v 0.84837497738852741 -0.21043005785439767 0.23137392709267912
v 0.97549546444584645 -0.21070922527159536 0.31622082177828592
v 0.85475473615971298 -0.17835684463378015 0.2393239256039561
v 0.85156485677412019 -0.19439345124408891 0.23542936551286983
v 0.72763424910239394 -0.17807767721658246 0.16784843510779032
v 0.60689352081626036 -0.14572529657876726 0.11554655071874367
v 0.98187522321703202 -0.1786360120509779 0.32496210874744114
v 0.86113449493089855 -0.1462836314131627 0.24664646611438368
v 0.85794461554530577 -0.16232023802347145 0.24306216174737499
v 0.9882549819882176 -0.14656279883036041 0.33370339571659624
v 0.86751425370208413 -0.11421041819254522 0.25335271271360094
v 0.86432437431649134 -0.13024702480285394 0.25007719069189616
v 0.74039376664476508 -0.11393125077534751 0.18048747209850449
v 0.6196530383586315 -0.081578870137532317 0.12562802346377361
v 0.61646315897303872 -0.097615476747841046 0.12334715437351462
v 0.48615279253012689 -0.11337291594095207 0.073637354770877017
v 0.36541206424399331 -0.081020535303136881 0.041501907376834679
v 0.49253255130131246 -0.081299702720334599 0.07775559306807267
v 0.37179182301517888 -0.048947322082519396 0.044406434955639507
v 0.3686019436295862 -0.064983928692828138 0.04303417473098492
v 0.24467133595785984 -0.048668154665321678 0.018688560511214036
v 0.12393060767172637 -0.016315774027506488 0.0048886719925128053
v 0.73401400787357951 -0.14600446399596498 0.17448725041979743
v 0.61327327958744593 -0.11365208335814979 0.12090681385557189
v 0.61008340020185314 -0.1296886899684585 0.11830671945633439
v 0.99251425370208413 -0.11421041819254522 0.3395647843010271
v 0.86858364603035776 -0.097894644165038763 0.25514124951773087
v 0.9946530383586315 -0.081578870137532303 0.34254627450073366
v 0.87072243068690525 -0.065263096110025842 0.25819624465356783
v 0.8696530383586315 -0.081578870137532303 0.25675400248696145
v 0.7446530383586315 -0.081578870137532303 0.1847555877316546
v 0.62072243068690525 -0.065263096110025842 0.12685840062034254
v 0.99679182301517888 -0.048947322082519382 0.34552776470044017
v 0.87286121534345262 -0.032631548055012928 0.26057921030276965
v 0.87179182301517888 -0.048947322082519389 0.25947101386336546
v 0.99893060767172626 -0.016315774027506461 0.34850925490014673
v 0.87393060767172637 -0.016315774027506467 0.261519640159111
v 0.74893060767172637 -0.016315774027506474 0.18906666383276519
v 0.62393060767172637 -0.016315774027506478 0.12951933054583223
v 0.49679182301517888 -0.048947322082519396 0.080535065340213485
v 0.37286121534345262 -0.032631548055012942 0.045101038089361611
v 0.49893060767172637 -0.016315774027506481 0.081939953361667872
v 0.37393060767172637 -0.016315774027506485 0.045623771971736782
v 0.24893060767172637 -0.016315774027506485 0.020056786112395364
v 0.74679182301517888 -0.048947322082519389 0.18725359229841015
v 0.62286121534345262 -0.032631548055012935 0.12880392330988563
v 0.62179182301517888 -0.048947322082519396 0.12791698345716473
f 1 482 484
f 482 146 483
f 484 483 148
f 482 483 484
f 146 485 487
f 485 50 486
f 487 486 147
f 485 486 487
f 148 488 490
f 488 147 489
f 490 489 52
f 488 489 490
f 146 487 483
f 487 147 488
f 483 488 148
f 487 488 483
f 50 491 493
f 491 149 492
f 493 492 151
f 491 492 493
f 149 494 496
f 494 2 495
f 496 495 150
f 494 495 496
f 151 497 499
f 497 150 498
f 499 498 51
f 497 498 499
f 149 496 492
f 496 150 497
f 492 497 151
f 496 497 492
f 52 500 502
f 500 152 501
f 502 501 154
f 500 501 502
f 152 503 505
f 503 51 504
f 505 504 153
f 503 504 505
f 154 506 508
f 506 153 507
f 508 507 49
f 506 507 508
f 152 505 501
f 505 153 506
f 501 506 154
f 505 506 501
f 50 493 486
f 493 151 509
f 486 509 147
f 493 509 486
f 151 499 510
f 499 51 503
f 510 503 152
f 499 503 510
f 147 511 489
f 511 152 500
f 489 500 52
f 511 500 489
f 151 510 509
f 510 152 511
f 509 511 147
f 510 511 509
f 2 512 495
f 512 155 513
f 495 513 150
f 512 513 495
f 155 514 516
f 514 53 515
f 516 515 156
f 514 515 516
f 150 517 498
f 517 156 518
f 498 518 51
f 517 518 498
f 155 516 513
f 516 156 517
f 513 517 150
f 516 517 513
f 53 519 521
f 519 157 520
f 521 520 159
f 519 520 521
f 157 522 524
f 522 3 523
f 524 523 158
f 522 523 524
f 159 525 527
f 525 158 526
f 527 526 54
f 525 526 527
f 157 524 520
f 524 158 525
f 520 525 159
f 524 525 520
f 51 528 504
f 528 160 529
f 504 529 153
f 528 529 504
f 160 530 532
f 530 54 531
f 532 531 161
f 530 531 532
f 153 533 507
f 533 161 534
f 507 534 49
f 533 534 507
f 160 532 529
f 532 161 533
f 529 533 153
f 532 533 529
f 53 521 515
f 521 159 535
f 515 535 156
f 521 535 515
f 159 527 536
f 527 54 530
f 536 530 160
f 527 530 536
f 156 537 518
f 537 160 528
f 518 528 51
f 537 528 518
f 159 536 535
f 536 160 537
f 535 537 156
f 536 537 535
f 3 538 523
f 538 162 539
f 523 539 158
f 538 539 523
f 162 540 542
f 540 55 541
f 542 541 163
f 540 541 542
f 158 543 526
f 543 163 544
f 526 544 54
f 543 544 526
f 162 542 539
f 542 163 543
f 539 543 158
f 542 543 539
f 55 545 547
f 545 164 546
f 547 546 166
f 545 546 547
f 164 548 550
f 548 4 549
f 550 549 165
f 548 549 550
f 166 551 553
f 551 165 552
f 553 552 56
f 551 552 553
f 164 550 546
f 550 165 551
f 546 551 166
f 550 551 546
f 54 554 531
f 554 167 555
f 531 555 161
f 554 555 531
f 167 556 558
f 556 56 557
f 558 557 168
f 556 557 558
f 161 559 534
f 559 168 560
f 534 560 49
f 559 560 534
f 167 558 555
f 558 168 559
f 555 559 161
f 558 559 555
f 55 547 541
f 547 166 561
f 541 561 163
f 547 561 541
f 166 553 562
f 553 56 556
f 562 556 167
f 553 556 562
f 163 563 544
f 563 167 554
f 544 554 54
f 563 554 544
f 166 562 561
f 562 167 563
f 561 563 163
f 562 563 561
f 4 564 549
f 564 169 565
f 549 565 165
f 564 565 549
f 169 566 568
f 566 57 567
f 568 567 170
f 566 567 568
f 165 569 552
f 569 170 570
f 552 570 56
f 569 570 552
f 169 568 565
f 568 170 569
f 565 569 165
f 568 569 565
f 57 571 573
f 571 171 572
f 573 572 173
f 571 572 573
f 171 574 576
f 574 5 575
f 576 575 172
f 574 575 576
f 173 577 579
f 577 172 578
f 579 578 58
f 577 578 579
f 171 576 572
f 576 172 577
f 572 577 173
f 576 577 572
f 56 580 557
f 580 174 581
f 557 581 168
f 580 581 557
f 174 582 584
f 582 58 583
f 584 583 175
f 582 583 584
f 168 585 560
f 585 175 586
f 560 586 49
f 585 586 560
f 174 584 581
f 584 175 585
f 581 585 168
f 584 585 581
f 57 573 567
f 573 173 587
f 567 587 170
f 573 587 567
f 173 579 588
f 579 58 582
f 588 582 174
f 579 582 588
f 170 589 570
f 589 174 580
f 570 580 56
f 589 580 570
f 173 588 587
f 588 174 589
f 587 589 170
f 588 589 587
f 5 590 575
f 590 176 591
f 575 591 172
f 590 591 575
f 176 592 594
f 592 59 593
f 594 593 177
f 592 593 594
f 172 595 578
f 595 177 596
f 578 596 58
f 595 596 578
f 176 594 591
f 594 177 595
f 591 595 172
f 594 595 591
f 59 597 599
f 597 178 598
f 599 598 180
f 597 598 599
f 178 600 602
f 600 6 601
f 602 601 179
f 600 601 602
f 180 603 605
f 603 179 604
f 605 604 60
f 603 604 605
f 178 602 598
f 602 179 603
f 598 603 180
f 602 603 598
f 58 606 583
f 606 181 607
f 583 607 175
f 606 607 583
f 181 608 610
f 608 60 609
f 610 609 182
f 608 609 610
f 175 611 586
f 611 182 612
f 586 612 49
f 611 612 586
f 181 610 607
f 610 182 611
f 607 611 175
f 610 611 607
f 59 599 593
f 599 180 613
f 593 613 177
f 599 613 593
f 180 605 614
f 605 60 608
f 614 608 181
f 605 608 614
f 177 615 596
f 615 181 606
f 596 606 58
f 615 606 596
f 180 614 613
f 614 181 615
f 613 615 177
f 614 615 613
f 6 616 601
f 616 183 617
f 601 617 179
f 616 617 601
f 183 618 620
f 618 61 619
f 620 619 184
f 618 619 620
f 179 621 604
f 621 184 622
f 604 622 60
f 621 622 604
f 183 620 617
f 620 184 621
f 617 621 179
f 620 621 617
f 61 623 625
f 623 185 624
f 625 624 187
f 623 624 625
f 185 626 628
f 626 7 627
f 628 627 186
f 626 627 628
f 187 629 631
f 629 186 630
f 631 630 62
f 629 630 631
f 185 628 624
f 628 186 629
f 624 629 187
f 628 629 624
f 60 632 609
f 632 188 633
f 609 633 182
f 632 633 609
f 188 634 636
f 634 62 635
f 636 635 189
f 634 635 636
f 182 637 612
f 637 189 638
f 612 638 49
f 637 638 612
f 188 636 633
f 636 189 637
f 633 637 182
f 636 637 633
f 61 625 619
f 625 187 639
f 619 639 184
f 625 639 619
f 187 631 640
f 631 62 634
f 640 634 188
f 631 634 640
f 184 641 622
f 641 188 632
f 622 632 60
f 641 632 622
f 187 640 639
f 640 188 641
f 639 641 184
f 640 641 639
f 7 642 627
f 642 190 643
f 627 643 186
f 642 643 627
f 190 644 646
f 644 63 645
f 646 645 191
f 644 645 646
f 186 647 630
f 647 191 648
f 630 648 62
f 647 648 630
f 190 646 643
f 646 191 647
f 643 647 186
f 646 647 643
f 63 649 651
f 649 192 650
f 651 650 194
f 649 650 651
f 192 652 654
f 652 8 653
f 654 653 193
f 652 653 654
f 194 655 657
f 655 193 656
f 657 656 64
f 655 656 657
f 192 654 650
f 654 193 655
f 650 655 194
f 654 655 650
f 62 658 635
f 658 195 659
f 635 659 189
f 658 659 635
f 195 660 662
f 660 64 661
f 662 661 196
f 660 661 662
f 189 663 638
f 663 196 664
f 638 664 49
f 663 664 638
f 195 662 659
f 662 196 663
f 659 663 189
f 662 663 659
f 63 651 645
f 651 194 665
f 645 665 191
f 651 665 645
f 194 657 666
f 657 64 660
f 666 660 195
f 657 660 666
f 191 667 648
f 667 195 658
f 648 658 62
f 667 658 648
f 194 666 665
f 666 195 667
f 665 667 191
f 666 667 665
f 8 668 653
f 668 197 669
f 653 669 193
f 668 669 653
f 197 670 672
f 670 65 671
f 672 671 198
f 670 671 672
f 193 673 656
f 673 198 674
f 656 674 64
f 673 674 656
f 197 672 669
f 672 198 673
f 669 673 193
f 672 673 669
f 65 675 677
f 675 199 676
f 677 676 201
f 675 676 677
f 199 678 680
f 678 9 679
f 680 679 200
f 678 679 680
f 201 681 683
f 681 200 682
f 683 682 66
f 681 682 683
f 199 680 676
f 680 200 681
f 676 681 201
f 680 681 676
f 64 684 661
f 684 202 685
f 661 685 196
f 684 685 661
f 202 686 688
f 686 66 687
f 688 687 203
f 686 687 688
f 196 689 664
f 689 203 690
f 664 690 49
f 689 690 664
f 202 688 685
f 688 203 689
f 685 689 196
f 688 689 685
f 65 677 671
f 677 201 691
f 671 691 198
f 677 691 671
f 201 683 692
f 683 66 686
f 692 686 202
f 683 686 692
f 198 693 674
f 693 202 684
f 674 684 64
f 693 684 674
f 201 692 691
f 692 202 693
f 691 693 198
f 692 693 691
f 9 694 679
f 694 204 695
f 679 695 200
f 694 695 679
f 204 696 698
f 696 67 697
f 698 697 205
f 696 697 698
f 200 699 682
f 699 205 700
f 682 700 66
f 699 700 682
f 204 698 695
f 698 205 699
f 695 699 200
f 698 699 695
f 67 701 703
f 701 206 702
f 703 702 208
f 701 702 703
f 206 704 706
f 704 10 705
f 706 705 207
f 704 705 706
f 208 707 709
f 707 207 708
f 709 708 68
f 707 708 709
f 206 706 702
f 706 207 707
f 702 707 208
f 706 707 702
f 66 710 687
f 710 209 711
f 687 711 203
f 710 711 687
f 209 712 714
f 712 68 713
f 714 713 210
f 712 713 714
f 203 715 690
f 715 210 716
f 690 716 49
f 715 716 690
f 209 714 711
f 714 210 715
f 711 715 203
f 714 715 711
f 67 703 697
f 703 208 717
f 697 717 205
f 703 717 697
f 208 709 718
f 709 68 712
f 718 712 209
f 709 712 718
f 205 719 700
f 719 209 710
f 700 710 66
f 719 710 700
f 208 718 717
f 718 209 719
f 717 719 205
f 718 719 717
f 10 720 705
f 720 211 721
f 705 721 207
f 720 721 705
f 211 722 724
f 722 69 723
f 724 723 212
f 722 723 724
f 207 725 708
f 725 212 726
f 708 726 68
f 725 726 708
f 211 724 721
f 724 212 725
f 721 725 207
f 724 725 721
f 69 727 729
f 727 213 728
f 729 728 215
f 727 728 729
f 213 730 732
f 730 11 731
f 732 731 214
f 730 731 732
f 215 733 735
f 733 214 734
f 735 734 70
f 733 734 735
f 213 732 728
f 732 214 733
f 728 733 215
f 732 733 728
f 68 736 713
f 736 216 737
f 713 737 210
f 736 737 713
f 216 738 740
f 738 70 739
f 740 739 217
f 738 739 740
f 210 741 716
f 741 217 742
f 716 742 49
f 741 742 716
f 216 740 737
f 740 217 741
f 737 741 210
f 740 741 737
f 69 729 723
f 729 215 743
f 723 743 212
f 729 743 723
f 215 735 744
f 735 70 738
f 744 738 216
f 735 738 744
f 212 745 726
f 745 216 736
f 726 736 68
f 745 736 726
f 215 744 743
f 744 216 745
f 743 745 212
f 744 745 743
f 11 746 731
f 746 218 747
f 731 747 214
f 746 747 731
f 218 748 750
f 748 71 749
f 750 749 219
f 748 749 750
f 214 751 734
f 751 219 752
f 734 752 70
f 751 752 734
f 218 750 747
f 750 219 751
f 747 751 214
f 750 751 747
f 71 753 755
f 753 220 754
f 755 754 222
f 753 754 755
f 220 756 758
f 756 12 757
f 758 757 221
f 756 757 758
f 222 759 761
f 759 221 760
f 761 760 72
f 759 760 761
f 220 758 754
f 758 221 759
f 754 759 222
f 758 759 754
f 70 762 739
f 762 223 763
f 739 763 217
f 762 763 739
f 223 764 766
f 764 72 765
f 766 765 224
f 764 765 766
f 217 767 742
f 767 224 768
f 742 768 49
f 767 768 742
f 223 766 763
f 766 224 767
f 763 767 217
f 766 767 763
f 71 755 749
f 755 222 769
f 749 769 219
f 755 769 749
f 222 761 770
f 761 72 764
f 770 764 223
f 761 764 770
f 219 771 752
f 771 223 762
f 752 762 70
f 771 762 752
f 222 770 769
f 770 223 771
f 769 771 219
f 770 771 769
f 12 772 757
f 772 225 773
f 757 773 221
f 772 773 757
f 225 774 776
f 774 73 775
f 776 775 226
f 774 775 776
f 221 777 760
f 777 226 778
f 760 778 72
f 777 778 760
f 225 776 773
f 776 226 777
f 773 777 221
f 776 777 773
f 73 779 781
f 779 227 780
f 781 780 229
f 779 780 781
f 227 782 784
f 782 13 783
f 784 783 228
f 782 783 784
f 229 785 787
f 785 228 786
f 787 786 74
f 785 786 787
f 227 784 780
f 784 228 785
f 780 785 229
f 784 785 780
f 72 788 765
f 788 230 789
f 765 789 224
f 788 789 765
f 230 790 792
f 790 74 791
f 792 791 231
f 790 791 792
f 224 793 768
f 793 231 794
f 768 794 49
f 793 794 768
f 230 792 789
f 792 231 793
f 789 793 224
f 792 793 789
f 73 781 775
f 781 229 795
f 775 795 226
f 781 795 775
f 229 787 796
f 787 74 790
f 796 790 230
f 787 790 796
f 226 797 778
f 797 230 788
f 778 788 72
f 797 788 778
f 229 796 795
f 796 230 797
f 795 797 226
f 796 797 795
f 13 798 783
f 798 232 799
f 783 799 228
f 798 799 783
f 232 800 802
f 800 75 801
f 802 801 233
f 800 801 802
f 228 803 786
f 803 233 804
f 786 804 74
f 803 804 786
f 232 802 799
f 802 233 803
f 799 803 228
f 802 803 799
f 75 805 807
f 805 234 806
f 807 806 236
f 805 806 807
f 234 808 810
f 808 14 809
f 810 809 235
f 808 809 810
f 236 811 813
f 811 235 812
f 813 812 76
f 811 812 813
f 234 810 806
f 810 235 811
f 806 811 236
f 810 811 806
f 74 814 791
f 814 237 815
f 791 815 231
f 814 815 791
f 237 816 818
f 816 76 817
f 818 817 238
f 816 817 818
f 231 819 794
f 819 238 820
f 794 820 49
f 819 820 794
f 237 818 815
f 818 238 819
f 815 819 231
f 818 819 815
f 75 807 801
f 807 236 821
f 801 821 233
f 807 821 801
f 236 813 822
f 813 76 816
f 822 816 237
f 813 816 822
f 233 823 804
f 823 237 814
f 804 814 74
f 823 814 804
f 236 822 821
f 822 237 823
f 821 823 233
f 822 823 821
f 14 824 809
f 824 239 825
f 809 825 235
f 824 825 809
f 239 826 828
f 826 77 827
f 828 827 240
f 826 827 828
f 235 829 812
f 829 240 830
f 812 830 76
f 829 830 812
f 239 828 825
f 828 240 829
f 825 829 235
f 828 829 825
f 77 831 833
f 831 241 832
f 833 832 243
f 831 832 833
f 241 834 836
f 834 15 835
f 836 835 242
f 834 835 836
f 243 837 839
f 837 242 838
f 839 838 78
f 837 838 839
f 241 836 832
f 836 242 837
f 832 837 243
f 836 837 832
f 76 840 817
f 840 244 841
f 817 841 238
f 840 841 817
f 244 842 844
f 842 78 843
f 844 843 245
f 842 843 844
f 238 845 820
f 845 245 846
f 820 846 49
f 845 846 820
f 244 844 841
f 844 245 845
f 841 845 238
f 844 845 841
f 77 833 827
f 833 243 847
f 827 847 240
f 833 847 827
f 243 839 848
f 839 78 842
f 848 842 244
f 839 842 848
f 240 849 830
f 849 244 840
f 830 840 76
f 849 840 830
f 243 848 847
f 848 244 849
f 847 849 240
f 848 849 847
f 15 850 835
f 850 246 851
f 835 851 242
f 850 851 835
f 246 852 854
f 852 79 853
f 854 853 247
f 852 853 854
f 242 855 838
f 855 247 856
f 838 856 78
f 855 856 838
f 246 854 851
f 854 247 855
f 851 855 242
f 854 855 851
f 79 857 859
f 857 248 858
f 859 858 250
f 857 858 859
f 248 860 862
f 860 16 861
f 862 861 249
f 860 861 862
f 250 863 865
f 863 249 864
f 865 864 80
f 863 864 865
f 248 862 858
f 862 249 863
f 858 863 250
f 862 863 858
f 78 866 843
f 866 251 867
f 843 867 245
f 866 867 843
f 251 868 870
f 868 80 869
f 870 869 252
f 868 869 870
f 245 871 846
f 871 252 872
f 846 872 49
f 871 872 846
f 251 870 867
f 870 252 871
f 867 871 245
f 870 871 867
f 79 859 853
f 859 250 873
f 853 873 247
f 859 873 853
f 250 865 874
f 865 80 868
f 874 868 251
f 865 868 874
f 247 875 856
f 875 251 866
f 856 866 78
f 875 866 856
f 250 874 873
f 874 251 875
f 873 875 247
f 874 875 873
f 16 876 861
f 876 253 877
f 861 877 249
f 876 877 861
f 253 878 880
f 878 81 879
f 880 879 254
f 878 879 880
f 249 881 864
f 881 254 882
f 864 882 80
f 881 882 864
f 253 880 877
f 880 254 881
f 877 881 249
f 880 881 877
f 81 883 885
f 883 255 884
f 885 884 257
f 883 884 885
f 255 886 888
f 886 17 887
f 888 887 256
f 886 887 888
f 257 889 891
f 889 256 890
f 891 890 82
f 889 890 891
f 255 888 884
f 888 256 889
f 884 889 257
f 888 889 884
f 80 892 869
f 892 258 893
f 869 893 252
f 892 893 869
f 258 894 896
f 894 82 895
f 896 895 259
f 894 895 896
f 252 897 872
f 897 259 898
f 872 898 49
f 897 898 872
f 258 896 893
f 896 259 897
f 893 897 252
f 896 897 893
f 81 885 879
f 885 257 899
f 879 899 254
f 885 899 879
f 257 891 900
f 891 82 894
f 900 894 258
f 891 894 900
f 254 901 882
f 901 258 892
f 882 892 80
f 901 892 882
f 257 900 899
f 900 258 901
f 899 901 254
f 900 901 899
f 17 902 887
f 902 260 903
f 887 903 256
f 902 903 887
f 260 904 906
f 904 83 905
f 906 905 261
f 904 905 906
f 256 907 890
f 907 261 908
f 890 908 82
f 907 908 890
f 260 906 903
f 906 261 907
f 903 907 256
f 906 907 903
f 83 909 911
f 909 262 910
f 911 910 264
f 909 910 911
f 262 912 914
f 912 18 913
f 914 913 263
f 912 913 914
f 264 915 917
f 915 263 916
f 917 916 84
f 915 916 917
f 262 914 910
f 914 263 915
f 910 915 264
f 914 915 910
f 82 918 895
f 918 265 919
f 895 919 259
f 918 919 895
f 265 920 922
f 920 84 921
f 922 921 266
f 920 921 922
f 259 923 898
f 923 266 924
f 898 924 49
f 923 924 898
f 265 922 919
f 922 266 923
f 919 923 259
f 922 923 919
f 83 911 905
f 911 264 925
f 905 925 261
f 911 925 905
f 264 917 926
f 917 84 920
f 926 920 265
f 917 920 926
f 261 927 908
f 927 265 918
f 908 918 82
f 927 918 908
f 264 926 925
f 926 265 927
f 925 927 261
f 926 927 925
f 18 928 913
f 928 267 929
f 913 929 263
f 928 929 913
f 267 930 932
f 930 85 931
f 932 931 268
f 930 931 932
f 263 933 916
f 933 268 934
f 916 934 84
f 933 934 916
f 267 932 929
f 932 268 933
f 929 933 263
f 932 933 929
f 85 935 937
f 935 269 936
f 937 936 271
f 935 936 937
f 269 938 940
f 938 19 939
f 940 939 270
f 938 939 940
f 271 941 943
f 941 270 942
f 943 942 86
f 941 942 943
f 269 940 936
f 940 270 941
f 936 941 271
f 940 941 936
f 84 944 921
f 944 272 945
f 921 945 266
f 944 945 921
f 272 946 948
f 946 86 947
f 948 947 273
f 946 947 948
f 266 949 924
f 949 273 950
f 924 950 49
f 949 950 924
f 272 948 945
f 948 273 949
f 945 949 266
f 948 949 945
f 85 937 931
f 937 271 951
f 931 951 268
f 937 951 931
f 271 943 952
f 943 86 946
f 952 946 272
f 943 946 952
f 268 953 934
f 953 272 944
f 934 944 84
f 953 944 934
f 271 952 951
f 952 272 953
f 951 953 268
f 952 953 951
f 19 954 939
f 954 274 955
f 939 955 270
f 954 955 939
f 274 956 958
f 956 87 957
f 958 957 275
f 956 957 958
f 270 959 942
f 959 275 960
f 942 960 86
f 959 960 942
f 274 958 955
f 958 275 959
f 955 959 270
f 958 959 955
f 87 961 963
f 961 276 962
f 963 962 278
f 961 962 963
f 276 964 966
f 964 20 965
f 966 965 277
f 964 965 966
f 278 967 969
f 967 277 968
f 969 968 88
f 967 968 969
f 276 966 962
f 966 277 967
f 962 967 278
f 966 967 962
f 86 970 947
f 970 279 971
f 947 971 273
f 970 971 947
f 279 972 974
f 972 88 973
f 974 973 280
f 972 973 974
f 273 975 950
f 975 280 976
f 950 976 49
f 975 976 950
f 279 974 971
f 974 280 975
f 971 975 273
f 974 975 971
f 87 963 957
f 963 278 977
f 957 977 275
f 963 977 957
f 278 969 978
f 969 88 972
f 978 972 279
f 969 972 978
f 275 979 960
f 979 279 970
f 960 970 86
f 979 970 960
f 278 978 977
f 978 279 979
f 977 979 275
f 978 979 977
f 20 980 965
f 980 281 981
f 965 981 277
f 980 981 965
f 281 982 984
f 982 89 983
f 984 983 282
f 982 983 984
f 277 985 968
f 985 282 986
f 968 986 88
f 985 986 968
f 281 984 981
f 984 282 985
f 981 985 277
f 984 985 981
f 89 987 989
f 987 283 988
f 989 988 285
f 987 988 989
f 283 990 992
f 990 21 991
f 992 991 284
f 990 991 992
f 285 993 995
f 993 284 994
f 995 994 90
f 993 994 995
f 283 992 988
f 992 284 993
f 988 993 285
f 992 993 988
f 88 996 973
f 996 286 997
f 973 997 280
f 996 997 973
f 286 998 1000
f 998 90 999
f 1000 999 287
f 998 999 1000
f 280 1001 976
f 1001 287 1002
f 976 1002 49
f 1001 1002 976
f 286 1000 997
f 1000 287 1001
f 997 1001 280
f 1000 1001 997
f 89 989 983
f 989 285 1003
f 983 1003 282
f 989 1003 983
f 285 995 1004
f 995 90 998
f 1004 998 286
f 995 998 1004
f 282 1005 986
f 1005 286 996
f 986 996 88
f 1005 996 986
f 285 1004 1003
f 1004 286 1005
f 1003 1005 282
f 1004 1005 1003
f 21 1006 991
f 1006 288 1007
f 991 1007 284
f 1006 1007 991
f 288 1008 1010
f 1008 91 1009
f 1010 1009 289
f 1008 1009 1010
f 284 1011 994
f 1011 289 1012
f 994 1012 90
f 1011 1012 994
f 288 1010 1007
f 1010 289 1011
f 1007 1011 284
f 1010 1011 1007
f 91 1013 1015
f 1013 290 1014
f 1015 1014 292
f 1013 1014 1015
f 290 1016 1018
f 1016 22 1017
f 1018 1017 291
f 1016 1017 1018
f 292 1019 1021
f 1019 291 1020
f 1021 1020 92
f 1019 1020 1021
f 290 1018 1014
f 1018 291 1019
f 1014 1019 292
f 1018 1019 1014
f 90 1022 999
f 1022 293 1023
f 999 1023 287
f 1022 1023 999
f 293 1024 1026
f 1024 92 1025
f 1026 1025 294
f 1024 1025 1026
f 287 1027 1002
f 1027 294 1028
f 1002 1028 49
f 1027 1028 1002
f 293 1026 1023
f 1026 294 1027
f 1023 1027 287
f 1026 1027 1023
f 91 1015 1009
f 1015 292 1029
f 1009 1029 289
f 1015 1029 1009
f 292 1021 1030
f 1021 92 1024
f 1030 1024 293
f 1021 1024 1030
f 289 1031 1012
f 1031 293 1022
f 1012 1022 90
f 1031 1022 1012
f 292 1030 1029
f 1030 293 1031
f 1029 1031 289
f 1030 1031 1029
f 22 1032 1017
f 1032 295 1033
f 1017 1033 291
f 1032 1033 1017
f 295 1034 1036
f 1034 93 1035
f 1036 1035 296
f 1034 1035 1036
f 291 1037 1020
f 1037 296 1038
f 1020 1038 92
f 1037 1038 1020
f 295 1036 1033
f 1036 296 1037
f 1033 1037 291
f 1036 1037 1033
f 93 1039 1041
f 1039 297 1040
f 1041 1040 299
f 1039 1040 1041
f 297 1042 1044
f 1042 23 1043
f 1044 1043 298
f 1042 1043 1044
f 299 1045 1047
f 1045 298 1046
f 1047 1046 94
f 1045 1046 1047
f 297 1044 1040
f 1044 298 1045
f 1040 1045 299
f 1044 1045 1040
f 92 1048 1025
f 1048 300 1049
f 1025 1049 294
f 1048 1049 1025
f 300 1050 1052
f 1050 94 1051
f 1052 1051 301
f 1050 1051 1052
f 294 1053 1028
f 1053 301 1054
f 1028 1054 49
f 1053 1054 1028
f 300 1052 1049
f 1052 301 1053
f 1049 1053 294
f 1052 1053 1049
f 93 1041 1035
f 1041 299 1055
f 1035 1055 296
f 1041 1055 1035
f 299 1047 1056
f 1047 94 1050
f 1056 1050 300
f 1047 1050 1056
f 296 1057 1038
f 1057 300 1048
f 1038 1048 92
f 1057 1048 1038
f 299 1056 1055
f 1056 300 1057
f 1055 1057 296
f 1056 1057 1055
f 23 1058 1043
f 1058 302 1059
f 1043 1059 298
f 1058 1059 1043
f 302 1060 1062
f 1060 95 1061
f 1062 1061 303
f 1060 1061 1062
f 298 1063 1046
f 1063 303 1064
f 1046 1064 94
f 1063 1064 1046
f 302 1062 1059
f 1062 303 1063
f 1059 1063 298
f 1062 1063 1059
f 95 1065 1067
f 1065 304 1066
f 1067 1066 306
f 1065 1066 1067
f 304 1068 1070
f 1068 24 1069
f 1070 1069 305
f 1068 1069 1070
f 306 1071 1073
f 1071 305 1072
f 1073 1072 96
f 1071 1072 1073
f 304 1070 1066
f 1070 305 1071
f 1066 1071 306
f 1070 1071 1066
f 94 1074 1051
f 1074 307 1075
f 1051 1075 301
f 1074 1075 1051
f 307 1076 1078
f 1076 96 1077
f 1078 1077 308
f 1076 1077 1078
f 301 1079 1054
f 1079 308 1080
f 1054 1080 49
f 1079 1080 1054
f 307 1078 1075
f 1078 308 1079
f 1075 1079 301
f 1078 1079 1075
f 95 1067 1061
f 1067 306 1081
f 1061 1081 303
f 1067 1081 1061
f 306 1073 1082
f 1073 96 1076
f 1082 1076 307
f 1073 1076 1082
f 303 1083 1064
f 1083 307 1074
f 1064 1074 94
f 1083 1074 1064
f 306 1082 1081
f 1082 307 1083
f 1081 1083 303
f 1082 1083 1081
f 24 1084 1069
f 1084 309 1085
f 1069 1085 305
f 1084 1085 1069
f 309 1086 1088
f 1086 97 1087
f 1088 1087 310
f 1086 1087 1088
f 305 1089 1072
f 1089 310 1090
f 1072 1090 96
f 1089 1090 1072
f 309 1088 1085
f 1088 310 1089
f 1085 1089 305
f 1088 1089 1085
f 97 1091 1093
f 1091 311 1092
f 1093 1092 313
f 1091 1092 1093
f 311 1094 1096
f 1094 25 1095
f 1096 1095 312
f 1094 1095 1096
f 313 1097 1099
f 1097 312 1098
f 1099 1098 98
f 1097 1098 1099
f 311 1096 1092
f 1096 312 1097
f 1092 1097 313
f 1096 1097 1092
f 96 1100 1077
f 1100 314 1101
f 1077 1101 308
f 1100 1101 1077
f 314 1102 1104
f 1102 98 1103
f 1104 1103 315
f 1102 1103 1104
f 308 1105 1080
f 1105 315 1106
f 1080 1106 49
f 1105 1106 1080
f 314 1104 1101
f 1104 315 1105
f 1101 1105 308
f 1104 1105 1101
f 97 1093 1087
f 1093 313 1107
f 1087 1107 310
f 1093 1107 1087
f 313 1099 1108
f 1099 98 1102
f 1108 1102 314
f 1099 1102 1108
f 310 1109 1090
f 1109 314 1100
f 1090 1100 96
f 1109 1100 1090
f 313 1108 1107
f 1108 314 1109
f 1107 1109 310
f 1108 1109 1107
f 25 1110 1095
f 1110 316 1111
f 1095 1111 312
f 1110 1111 1095
f 316 1112 1114
f 1112 99 1113
f 1114 1113 317
f 1112 1113 1114
f 312 1115 1098
f 1115 317 1116
f 1098 1116 98
f 1115 1116 1098
f 316 1114 1111
f 1114 317 1115
f 1111 1115 312
f 1114 1115 1111
f 99 1117 1119
f 1117 318 1118
f 1119 1118 320
f 1117 1118 1119
f 318 1120 1122
f 1120 26 1121
f 1122 1121 319
f 1120 1121 1122
f 320 1123 1125
f 1123 319 1124
f 1125 1124 100
f 1123 1124 1125
f 318 1122 1118
f 1122 319 1123
f 1118 1123 320
f 1122 1123 1118
f 98 1126 1103
f 1126 321 1127
f 1103 1127 315
f 1126 1127 1103
f 321 1128 1130
f 1128 100 1129
f 1130 1129 322
f 1128 1129 1130
f 315 1131 1106
f 1131 322 1132
f 1106 1132 49
f 1131 1132 1106
f 321 1130 1127
f 1130 322 1131
f 1127 1131 315
f 1130 1131 1127
f 99 1119 1113
f 1119 320 1133
f 1113 1133 317
f 1119 1133 1113
f 320 1125 1134
f 1125 100 1128
f 1134 1128 321
f 1125 1128 1134
f 317 1135 1116
f 1135 321 1126
f 1116 1126 98
f 1135 1126 1116
f 320 1134 1133
f 1134 321 1135
f 1133 1135 317
f 1134 1135 1133
f 26 1136 1121
f 1136 323 1137
f 1121 1137 319
f 1136 1137 1121
f 323 1138 1140
f 1138 101 1139
f 1140 1139 324
f 1138 1139 1140
f 319 1141 1124
f 1141 324 1142
f 1124 1142 100
f 1141 1142 1124
f 323 1140 1137
f 1140 324 1141
f 1137 1141 319
f 1140 1141 1137
f 101 1143 1145
f 1143 325 1144
f 1145 1144 327
f 1143 1144 1145
f 325 1146 1148
f 1146 27 1147
f 1148 1147 326
f 1146 1147 1148
f 327 1149 1151
f 1149 326 1150
f 1151 1150 102
f 1149 1150 1151
f 325 1148 1144
f 1148 326 1149
f 1144 1149 327
f 1148 1149 1144
f 100 1152 1129
f 1152 328 1153
f 1129 1153 322
f 1152 1153 1129
f 328 1154 1156
f 1154 102 1155
f 1156 1155 329
f 1154 1155 1156
f 322 1157 1132
f 1157 329 1158
f 1132 1158 49
f 1157 1158 1132
f 328 1156 1153
f 1156 329 1157
f 1153 1157 322
f 1156 1157 1153
f 101 1145 1139
f 1145 327 1159
f 1139 1159 324
f 1145 1159 1139
f 327 1151 1160
f 1151 102 1154
f 1160 1154 328
f 1151 1154 1160
f 324 1161 1142
f 1161 328 1152
f 1142 1152 100
f 1161 1152 1142
f 327 1160 1159
f 1160 328 1161
f 1159 1161 324
f 1160 1161 1159
f 27 1162 1147
f 1162 330 1163
f 1147 1163 326
f 1162 1163 1147
f 330 1164 1166
f 1164 103 1165
f 1166 1165 331
f 1164 1165 1166
f 326 1167 1150
f 1167 331 1168
f 1150 1168 102
f 1167 1168 1150
f 330 1166 1163
f 1166 331 1167
f 1163 1167 326
f 1166 1167 1163
f 103 1169 1171
f 1169 332 1170
f 1171 1170 334
f 1169 1170 1171
f 332 1172 1174
f 1172 28 1173
f 1174 1173 333
f 1172 1173 1174
f 334 1175 1177
f 1175 333 1176
f 1177 1176 104
f 1175 1176 1177
f 332 1174 1170
f 1174 333 1175
f 1170 1175 334
f 1174 1175 1170
f 102 1178 1155
f 1178 335 1179
f 1155 1179 329
f 1178 1179 1155
f 335 1180 1182
f 1180 104 1181
f 1182 1181 336
f 1180 1181 1182
f 329 1183 1158
f 1183 336 1184
f 1158 1184 49
f 1183 1184 1158
f 335 1182 1179
f 1182 336 1183
f 1179 1183 329
f 1182 1183 1179
f 103 1171 1165
f 1171 334 1185
f 1165 1185 331
f 1171 1185 1165
f 334 1177 1186
f 1177 104 1180
f 1186 1180 335
f 1177 1180 1186
f 331 1187 1168
f 1187 335 1178
f 1168 1178 102
f 1187 1178 1168
f 334 1186 1185
f 1186 335 1187
f 1185 1187 331
f 1186 1187 1185
f 28 1188 1173
f 1188 337 1189
f 1173 1189 333
f 1188 1189 1173
f 337 1190 1192
f 1190 105 1191
f 1192 1191 338
f 1190 1191 1192
f 333 1193 1176
f 1193 338 1194
f 1176 1194 104
f 1193 1194 1176
f 337 1192 1189
f 1192 338 1193
f 1189 1193 333
f 1192 1193 1189
f 105 1195 1197
f 1195 339 1196
f 1197 1196 341
f 1195 1196 1197
f 339 1198 1200
f 1198 29 1199
f 1200 1199 340
f 1198 1199 1200
f 341 1201 1203
f 1201 340 1202
f 1203 1202 106
f 1201 1202 1203
f 339 1200 1196
f 1200 340 1201
f 1196 1201 341
f 1200 1201 1196
f 104 1204 1181
f 1204 342 1205
f 1181 1205 336
f 1204 1205 1181
f 342 1206 1208
f 1206 106 1207
f 1208 1207 343
f 1206 1207 1208
f 336 1209 1184
f 1209 343 1210
f 1184 1210 49
f 1209 1210 1184
f 342 1208 1205
f 1208 343 1209
f 1205 1209 336
f 1208 1209 1205
f 105 1197 1191
f 1197 341 1211
f 1191 1211 338
f 1197 1211 1191
f 341 1203 1212
f 1203 106 1206
f 1212 1206 342
f 1203 1206 1212
f 338 1213 1194
f 1213 342 1204
f 1194 1204 104
f 1213 1204 1194
f 341 1212 1211
f 1212 342 1213
f 1211 1213 338
f 1212 1213 1211
f 29 1214 1199
f 1214 344 1215
f 1199 1215 340
f 1214 1215 1199
f 344 1216 1218
f 1216 107 1217
f 1218 1217 345
f 1216 1217 1218
f 340 1219 1202
f 1219 345 1220
f 1202 1220 106
f 1219 1220 1202
f 344 1218 1215
f 1218 345 1219
f 1215 1219 340
f 1218 1219 1215
f 107 1221 1223
f 1221 346 1222
f 1223 1222 348
f 1221 1222 1223
f 346 1224 1226
f 1224 30 1225
f 1226 1225 347
f 1224 1225 1226
f 348 1227 1229
f 1227 347 1228
f 1229 1228 108
f 1227 1228 1229
f 346 1226 1222
f 1226 347 1227
f 1222 1227 348
f 1226 1227 1222
f 106 1230 1207
f 1230 349 1231
f 1207 1231 343
f 1230 1231 1207
f 349 1232 1234
f 1232 108 1233
f 1234 1233 350
f 1232 1233 1234
f 343 1235 1210
f 1235 350 1236
f 1210 1236 49
f 1235 1236 1210
f 349 1234 1231
f 1234 350 1235
f 1231 1235 343
f 1234 1235 1231
f 107 1223 1217
f 1223 348 1237
f 1217 1237 345
f 1223 1237 1217
f 348 1229 1238
f 1229 108 1232
f 1238 1232 349
f 1229 1232 1238
f 345 1239 1220
f 1239 349 1230
f 1220 1230 106
f 1239 1230 1220
f 348 1238 1237
f 1238 349 1239
f 1237 1239 345
f 1238 1239 1237
f 30 1240 1225
f 1240 351 1241
f 1225 1241 347
f 1240 1241 1225
f 351 1242 1244
f 1242 109 1243
f 1244 1243 352
f 1242 1243 1244
f 347 1245 1228
f 1245 352 1246
f 1228 1246 108
f 1245 1246 1228
f 351 1244 1241
f 1244 352 1245
f 1241 1245 347
f 1244 1245 1241
f 109 1247 1249
f 1247 353 1248
f 1249 1248 355
f 1247 1248 1249
f 353 1250 1252
f 1250 31 1251
f 1252 1251 354
f 1250 1251 1252
f 355 1253 1255
f 1253 354 1254
f 1255 1254 110
f 1253 1254 1255
f 353 1252 1248
f 1252 354 1253
f 1248 1253 355
f 1252 1253 1248
f 108 1256 1233
f 1256 356 1257
f 1233 1257 350
f 1256 1257 1233
f 356 1258 1260
f 1258 110 1259
f 1260 1259 357
f 1258 1259 1260
f 350 1261 1236
f 1261 357 1262
f 1236 1262 49
f 1261 1262 1236
f 356 1260 1257
f 1260 357 1261
f 1257 1261 350
f 1260 1261 1257
f 109 1249 1243
f 1249 355 1263
f 1243 1263 352
f 1249 1263 1243
f 355 1255 1264
f 1255 110 1258
f 1264 1258 356
f 1255 1258 1264
f 352 1265 1246
f 1265 356 1256
f 1246 1256 108
f 1265 1256 1246
f 355 1264 1263
f 1264 356 1265
f 1263 1265 352
f 1264 1265 1263
f 31 1266 1251
f 1266 358 1267
f 1251 1267 354
f 1266 1267 1251
f 358 1268 1270
f 1268 111 1269
f 1270 1269 359
f 1268 1269 1270
f 354 1271 1254
f 1271 359 1272
f 1254 1272 110
f 1271 1272 1254
f 358 1270 1267
f 1270 359 1271
f 1267 1271 354
f 1270 1271 1267
f 111 1273 1275
f 1273 360 1274
f 1275 1274 362
f 1273 1274 1275
f 360 1276 1278
f 1276 32 1277
f 1278 1277 361
f 1276 1277 1278
f 362 1279 1281
f 1279 361 1280
f 1281 1280 112
f 1279 1280 1281
f 360 1278 1274
f 1278 361 1279
f 1274 1279 362
f 1278 1279 1274
f 110 1282 1259
f 1282 363 1283
f 1259 1283 357
f 1282 1283 1259
f 363 1284 1286
f 1284 112 1285
f 1286 1285 364
f 1284 1285 1286
f 357 1287 1262
f 1287 364 1288
f 1262 1288 49
f 1287 1288 1262
f 363 1286 1283
f 1286 364 1287
f 1283 1287 357
f 1286 1287 1283
f 111 1275 1269
f 1275 362 1289
f 1269 1289 359
f 1275 1289 1269
f 362 1281 1290
f 1281 112 1284
f 1290 1284 363
f 1281 1284 1290
f 359 1291 1272
f 1291 363 1282
f 1272 1282 110
f 1291 1282 1272
f 362 1290 1289
f 1290 363 1291
f 1289 1291 359
f 1290 1291 1289
f 32 1292 1277
f 1292 365 1293
f 1277 1293 361
f 1292 1293 1277
f 365 1294 1296
f 1294 113 1295
f 1296 1295 366
f 1294 1295 1296
f 361 1297 1280
f 1297 366 1298
f 1280 1298 112
f 1297 1298 1280
f 365 1296 1293
f 1296 366 1297
f 1293 1297 361
f 1296 1297 1293
f 113 1299 1301
f 1299 367 1300
f 1301 1300 369
f 1299 1300 1301
f 367 1302 1304
f 1302 33 1303
f 1304 1303 368
f 1302 1303 1304
f 369 1305 1307
f 1305 368 1306
f 1307 1306 114
f 1305 1306 1307
f 367 1304 1300
f 1304 368 1305
f 1300 1305 369
f 1304 1305 1300
f 112 1308 1285
f 1308 370 1309
f 1285 1309 364
f 1308 1309 1285
f 370 1310 1312
f 1310 114 1311
f 1312 1311 371
f 1310 1311 1312
f 364 1313 1288
f 1313 371 1314
f 1288 1314 49
f 1313 1314 1288
f 370 1312 1309
f 1312 371 1313
f 1309 1313 364
f 1312 1313 1309
f 113 1301 1295
f 1301 369 1315
f 1295 1315 366
f 1301 1315 1295
f 369 1307 1316
f 1307 114 1310
f 1316 1310 370
f 1307 1310 1316
f 366 1317 1298
f 1317 370 1308
f 1298 1308 112
f 1317 1308 1298
f 369 1316 1315
f 1316 370 1317
f 1315 1317 366
f 1316 1317 1315
f 33 1318 1303
f 1318 372 1319
f 1303 1319 368
f 1318 1319 1303
f 372 1320 1322
f 1320 115 1321
f 1322 1321 373
f 1320 1321 1322
f 368 1323 1306
f 1323 373 1324
f 1306 1324 114
f 1323 1324 1306
f 372 1322 1319
f 1322 373 1323
f 1319 1323 368
f 1322 1323 1319
f 115 1325 1327
f 1325 374 1326
f 1327 1326 376
f 1325 1326 1327
f 374 1328 1330
f 1328 34 1329
f 1330 1329 375
f 1328 1329 1330
f 376 1331 1333
f 1331 375 1332
f 1333 1332 116
f 1331 1332 1333
f 374 1330 1326
f 1330 375 1331
f 1326 1331 376
f 1330 1331 1326
f 114 1334 1311
f 1334 377 1335
f 1311 1335 371
f 1334 1335 1311
f 377 1336 1338
f 1336 116 1337
f 1338 1337 378
f 1336 1337 1338
f 371 1339 1314
f 1339 378 1340
f 1314 1340 49
f 1339 1340 1314
f 377 1338 1335
f 1338 378 1339
f 1335 1339 371
f 1338 1339 1335
f 115 1327 1321
f 1327 376 1341
f 1321 1341 373
f 1327 1341 1321
f 376 1333 1342
f 1333 116 1336
f 1342 1336 377
f 1333 1336 1342
f 373 1343 1324
f 1343 377 1334
f 1324 1334 114
f 1343 1334 1324
f 376 1342 1341
f 1342 377 1343
f 1341 1343 373
f 1342 1343 1341
f 34 1344 1329
f 1344 379 1345
f 1329 1345 375
f 1344 1345 1329
f 379 1346 1348
f 1346 117 1347
f 1348 1347 380
f 1346 1347 1348
f 375 1349 1332
f 1349 380 1350
f 1332 1350 116
f 1349 1350 1332
f 379 1348 1345
f 1348 380 1349
f 1345 1349 375
f 1348 1349 1345
f 117 1351 1353
f 1351 381 1352
f 1353 1352 383
f 1351 1352 1353
f 381 1354 1356
f 1354 35 1355
f 1356 1355 382
f 1354 1355 1356
f 383 1357 1359
f 1357 382 1358
f 1359 1358 118
f 1357 1358 1359
f 381 1356 1352
f 1356 382 1357
f 1352 1357 383
f 1356 1357 1352
f 116 1360 1337
f 1360 384 1361
f 1337 1361 378
f 1360 1361 1337
f 384 1362 1364
f 1362 118 1363
f 1364 1363 385
f 1362 1363 1364
f 378 1365 1340
f 1365 385 1366
f 1340 1366 49
f 1365 1366 1340
f 384 1364 1361
f 1364 385 1365
f 1361 1365 378
f 1364 1365 1361
f 117 1353 1347
f 1353 383 1367
f 1347 1367 380
f 1353 1367 1347
f 383 1359 1368
f 1359 118 1362
f 1368 1362 384
f 1359 1362 1368
f 380 1369 1350
f 1369 384 1360
f 1350 1360 116
f 1369 1360 1350
f 383 1368 1367
f 1368 384 1369
f 1367 1369 380
f 1368 1369 1367
f 35 1370 1355
f 1370 386 1371
f 1355 1371 382
f 1370 1371 1355
f 386 1372 1374
f 1372 119 1373
f 1374 1373 387
f 1372 1373 1374
f 382 1375 1358
f 1375 387 1376
f 1358 1376 118
f 1375 1376 1358
f 386 1374 1371
f 1374 387 1375
f 1371 1375 382
f 1374 1375 1371
f 119 1377 1379
f 1377 388 1378
f 1379 1378 390
f 1377 1378 1379
f 388 1380 1382
f 1380 36 1381
f 1382 1381 389
f 1380 1381 1382
f 390 1383 1385
f 1383 389 1384
f 1385 1384 120
f 1383 1384 1385
f 388 1382 1378
f 1382 389 1383
f 1378 1383 390
f 1382 1383 1378
f 118 1386 1363
f 1386 391 1387
f 1363 1387 385
f 1386 1387 1363
f 391 1388 1390
f 1388 120 1389
f 1390 1389 392
f 1388 1389 1390
f 385 1391 1366
f 1391 392 1392
f 1366 1392 49
f 1391 1392 1366
f 391 1390 1387
f 1390 392 1391
f 1387 1391 385
f 1390 1391 1387
f 119 1379 1373
f 1379 390 1393
f 1373 1393 387
f 1379 1393 1373
f 390 1385 1394
f 1385 120 1388
f 1394 1388 391
f 1385 1388 1394
f 387 1395 1376
f 1395 391 1386
f 1376 1386 118
f 1395 1386 1376
f 390 1394 1393
f 1394 391 1395
f 1393 1395 387
f 1394 1395 1393
f 36 1396 1381
f 1396 393 1397
f 1381 1397 389
f 1396 1397 1381
f 393 1398 1400
f 1398 121 1399
f 1400 1399 394
f 1398 1399 1400
f 389 1401 1384
f 1401 394 1402
f 1384 1402 120
f 1401 1402 1384
f 393 1400 1397
f 1400 394 1401
f 1397 1401 389
f 1400 1401 1397
f 121 1403 1405
f 1403 395 1404
f 1405 1404 397
f 1403 1404 1405
f 395 1406 1408
f 1406 37 1407
f 1408 1407 396
f 1406 1407 1408
f 397 1409 1411
f 1409 396 1410
f 1411 1410 122
f 1409 1410 1411
f 395 1408 1404
f 1408 396 1409
f 1404 1409 397
f 1408 1409 1404
f 120 1412 1389
f 1412 398 1413
f 1389 1413 392
f 1412 1413 1389
f 398 1414 1416
f 1414 122 1415
f 1416 1415 399
f 1414 1415 1416
f 392 1417 1392
f 1417 399 1418
f 1392 1418 49
f 1417 1418 1392
f 398 1416 1413
f 1416 399 1417
f 1413 1417 392
f 1416 1417 1413
f 121 1405 1399
f 1405 397 1419
f 1399 1419 394
f 1405 1419 1399
f 397 1411 1420
f 1411 122 1414
f 1420 1414 398
f 1411 1414 1420
f 394 1421 1402
f 1421 398 1412
f 1402 1412 120
f 1421 1412 1402
f 397 1420 1419
f 1420 398 1421
f 1419 1421 394
f 1420 1421 1419
f 37 1422 1407
f 1422 400 1423
f 1407 1423 396
f 1422 1423 1407
f 400 1424 1426
f 1424 123 1425
f 1426 1425 401
f 1424 1425 1426
f 396 1427 1410
f 1427 401 1428
f 1410 1428 122
f 1427 1428 1410
f 400 1426 1423
f 1426 401 1427
f 1423 1427 396
f 1426 1427 1423
f 123 1429 1431
f 1429 402 1430
f 1431 1430 404
f 1429 1430 1431
f 402 1432 1434
f 1432 38 1433
f 1434 1433 403
f 1432 1433 1434
f 404 1435 1437
f 1435 403 1436
f 1437 1436 124
f 1435 1436 1437
f 402 1434 1430
f 1434 403 1435
f 1430 1435 404
f 1434 1435 1430
f 122 1438 1415
f 1438 405 1439
f 1415 1439 399
f 1438 1439 1415
f 405 1440 1442
f 1440 124 1441
f 1442 1441 406
f 1440 1441 1442
f 399 1443 1418
f 1443 406 1444
f 1418 1444 49
f 1443 1444 1418
f 405 1442 1439
f 1442 406 1443
f 1439 1443 399
f 1442 1443 1439
f 123 1431 1425
f 1431 404 1445
f 1425 1445 401
f 1431 1445 1425
f 404 1437 1446
f 1437 124 1440
f 1446 1440 405
f 1437 1440 1446
f 401 1447 1428
f 1447 405 1438
f 1428 1438 122
f 1447 1438 1428
f 404 1446 1445
f 1446 405 1447
f 1445 1447 401
f 1446 1447 1445
f 38 1448 1433
f 1448 407 1449
f 1433 1449 403
f 1448 1449 1433
f 407 1450 1452
f 1450 125 1451
f 1452 1451 408
f 1450 1451 1452
f 403 1453 1436
f 1453 408 1454
f 1436 1454 124
f 1453 1454 1436
f 407 1452 1449
f 1452 408 1453
f 1449 1453 403
f 1452 1453 1449
f 125 1455 1457
f 1455 409 1456
f 1457 1456 411
f 1455 1456 1457
f 409 1458 1460
f 1458 39 1459
f 1460 1459 410
f 1458 1459 1460
f 411 1461 1463
f 1461 410 1462
f 1463 1462 126
f 1461 1462 1463
f 409 1460 1456
f 1460 410 1461
f 1456 1461 411
f 1460 1461 1456
f 124 1464 1441
f 1464 412 1465
f 1441 1465 406
f 1464 1465 1441
f 412 1466 1468
f 1466 126 1467
f 1468 1467 413
f 1466 1467 1468
f 406 1469 1444
f 1469 413 1470
f 1444 1470 49
f 1469 1470 1444
f 412 1468 1465
f 1468 413 1469
f 1465 1469 406
f 1468 1469 1465
f 125 1457 1451
f 1457 411 1471
f 1451 1471 408
f 1457 1471 1451
f 411 1463 1472
f 1463 126 1466
f 1472 1466 412
f 1463 1466 1472
f 408 1473 1454
f 1473 412 1464
f 1454 1464 124
f 1473 1464 1454
f 411 1472 1471
f 1472 412 1473
f 1471 1473 408
f 1472 1473 1471
f 39 1474 1459
f 1474 414 1475
f 1459 1475 410
f 1474 1475 1459
f 414 1476 1478
f 1476 127 1477
f 1478 1477 415
f 1476 1477 1478
f 410 1479 1462
f 1479 415 1480
f 1462 1480 126
f 1479 1480 1462
f 414 1478 1475
f 1478 415 1479
f 1475 1479 410
f 1478 1479 1475
f 127 1481 1483
f 1481 416 1482
f 1483 1482 418
f 1481 1482 1483
f 416 1484 1486
f 1484 40 1485
f 1486 1485 417
f 1484 1485 1486
f 418 1487 1489
f 1487 417 1488
f 1489 1488 128
f 1487 1488 1489
f 416 1486 1482
f 1486 417 1487
f 1482 1487 418
f 1486 1487 1482
f 126 1490 1467
f 1490 419 1491
f 1467 1491 413
f 1490 1491 1467
f 419 1492 1494
f 1492 128 1493
f 1494 1493 420
f 1492 1493 1494
f 413 1495 1470
f 1495 420 1496
f 1470 1496 49
f 1495 1496 1470
f 419 1494 1491
f 1494 420 1495
f 1491 1495 413
f 1494 1495 1491
f 127 1483 1477
f 1483 418 1497
f 1477 1497 415
f 1483 1497 1477
f 418 1489 1498
f 1489 128 1492
f 1498 1492 419
f 1489 1492 1498
f 415 1499 1480
f 1499 419 1490
f 1480 1490 126
f 1499 1490 1480
f 418 1498 1497
f 1498 419 1499
f 1497 1499 415
f 1498 1499 1497
f 40 1500 1485
f 1500 421 1501
f 1485 1501 417
f 1500 1501 1485
f 421 1502 1504
f 1502 129 1503
f 1504 1503 422
f 1502 1503 1504
f 417 1505 1488
f 1505 422 1506
f 1488 1506 128
f 1505 1506 1488
f 421 1504 1501
f 1504 422 1505
f 1501 1505 417
f 1504 1505 1501
f 129 1507 1509
f 1507 423 1508
f 1509 1508 425
f 1507 1508 1509
f 423 1510 1512
f 1510 41 1511
f 1512 1511 424
f 1510 1511 1512
f 425 1513 1515
f 1513 424 1514
f 1515 1514 130
f 1513 1514 1515
f 423 1512 1508
f 1512 424 1513
f 1508 1513 425
f 1512 1513 1508
f 128 1516 1493
f 1516 426 1517
f 1493 1517 420
f 1516 1517 1493
f 426 1518 1520
f 1518 130 1519
f 1520 1519 427
f 1518 1519 1520
f 420 1521 1496
f 1521 427 1522
f 1496 1522 49
f 1521 1522 1496
f 426 1520 1517
f 1520 427 1521
f 1517 1521 420
f 1520 1521 1517
f 129 1509 1503
f 1509 425 1523
f 1503 1523 422
f 1509 1523 1503
f 425 1515 1524
f 1515 130 1518
f 1524 1518 426
f 1515 1518 1524
f 422 1525 1506
f 1525 426 1516
f 1506 1516 128
f 1525 1516 1506
f 425 1524 1523
f 1524 426 1525
f 1523 1525 422
f 1524 1525 1523
f 41 1526 1511
f 1526 428 1527
f 1511 1527 424
f 1526 1527 1511
f 428 1528 1530
f 1528 131 1529
f 1530 1529 429
f 1528 1529 1530
f 424 1531 1514
f 1531 429 1532
f 1514 1532 130
f 1531 1532 1514
f 428 1530 1527
f 1530 429 1531
f 1527 1531 424
f 1530 1531 1527
f 131 1533 1535
f 1533 430 1534
f 1535 1534 432
f 1533 1534 1535
f 430 1536 1538
f 1536 42 1537
f 1538 1537 431
f 1536 1537 1538
f 432 1539 1541
f 1539 431 1540
f 1541 1540 132
f 1539 1540 1541
f 430 1538 1534
f 1538 431 1539
f 1534 1539 432
f 1538 1539 1534
f 130 1542 1519
f 1542 433 1543
f 1519 1543 427
f 1542 1543 1519
f 433 1544 1546
f 1544 132 1545
f 1546 1545 434
f 1544 1545 1546
f 427 1547 1522
f 1547 434 1548
f 1522 1548 49
f 1547 1548 1522
f 433 1546 1543
f 1546 434 1547
f 1543 1547 427
f 1546 1547 1543
f 131 1535 1529
f 1535 432 1549
f 1529 1549 429
f 1535 1549 1529
f 432 1541 1550
f 1541 132 1544
f 1550 1544 433
f 1541 1544 1550
f 429 1551 1532
f 1551 433 1542
f 1532 1542 130
f 1551 1542 1532
f 432 1550 1549
f 1550 433 1551
f 1549 1551 429
f 1550 1551 1549
f 42 1552 1537
f 1552 435 1553
f 1537 1553 431
f 1552 1553 1537
f 435 1554 1556
f 1554 133 1555
f 1556 1555 436
f 1554 1555 1556
f 431 1557 1540
f 1557 436 1558
f 1540 1558 132
f 1557 1558 1540
f 435 1556 1553
f 1556 436 1557
f 1553 1557 431
f 1556 1557 1553
f 133 1559 1561
f 1559 437 1560
f 1561 1560 439
f 1559 1560 1561
f 437 1562 1564
f 1562 43 1563
f 1564 1563 438
f 1562 1563 1564
f 439 1565 1567
f 1565 438 1566
f 1567 1566 134
f 1565 1566 1567
f 437 1564 1560
f 1564 438 1565
f 1560 1565 439
f 1564 1565 1560
f 132 1568 1545
f 1568 440 1569
f 1545 1569 434
f 1568 1569 1545
f 440 1570 1572
f 1570 134 1571
f 1572 1571 441
f 1570 1571 1572
f 434 1573 1548
f 1573 441 1574
f 1548 1574 49
f 1573 1574 1548
f 440 1572 1569
f 1572 441 1573
f 1569 1573 434
f 1572 1573 1569
f 133 1561 1555
f 1561 439 1575
f 1555 1575 436
f 1561 1575 1555
f 439 1567 1576
f 1567 134 1570
f 1576 1570 440
f 1567 1570 1576
f 436 1577 1558
f 1577 440 1568
f 1558 1568 132
f 1577 1568 1558
f 439 1576 1575
f 1576 440 1577
f 1575 1577 436
f 1576 1577 1575
f 43 1578 1563
f 1578 442 1579
f 1563 1579 438
f 1578 1579 1563
f 442 1580 1582
f 1580 135 1581
f 1582 1581 443
f 1580 1581 1582
f 438 1583 1566
f 1583 443 1584
f 1566 1584 134
f 1583 1584 1566
f 442 1582 1579
f 1582 443 1583
f 1579 1583 438
f 1582 1583 1579
f 135 1585 1587
f 1585 444 1586
f 1587 1586 446
f 1585 1586 1587
f 444 1588 1590
f 1588 44 1589
f 1590 1589 445
f 1588 1589 1590
f 446 1591 1593
f 1591 445 1592
f 1593 1592 136
f 1591 1592 1593
f 444 1590 1586
f 1590 445 1591
f 1586 1591 446
f 1590 1591 1586
f 134 1594 1571
f 1594 447 1595
f 1571 1595 441
f 1594 1595 1571
f 447 1596 1598
f 1596 136 1597
f 1598 1597 448
f 1596 1597 1598
f 441 1599 1574
f 1599 448 1600
f 1574 1600 49
f 1599 1600 1574
f 447 1598 1595
f 1598 448 1599
f 1595 1599 441
f 1598 1599 1595
f 135 1587 1581
f 1587 446 1601
f 1581 1601 443
f 1587 1601 1581
f 446 1593 1602
f 1593 136 1596
f 1602 1596 447
f 1593 1596 1602
f 443 1603 1584
f 1603 447 1594
f 1584 1594 134
f 1603 1594 1584
f 446 1602 1601
f 1602 447 1603
f 1601 1603 443
f 1602 1603 1601
f 44 1604 1589
f 1604 449 1605
f 1589 1605 445
f 1604 1605 1589
f 449 1606 1608
f 1606 137 1607
f 1608 1607 450
f 1606 1607 1608
f 445 1609 1592
f 1609 450 1610
f 1592 1610 136
f 1609 1610 1592
f 449 1608 1605
f 1608 450 1609
f 1605 1609 445
f 1608 1609 1605
f 137 1611 1613
f 1611 451 1612
f 1613 1612 453
f 1611 1612 1613
f 451 1614 1616
f 1614 45 1615
f 1616 1615 452
f 1614 1615 1616
f 453 1617 1619
f 1617 452 1618
f 1619 1618 138
f 1617 1618 1619
f 451 1616 1612
f 1616 452 1617
f 1612 1617 453
f 1616 1617 1612
f 136 1620 1597
f 1620 454 1621
f 1597 1621 448
f 1620 1621 1597
f 454 1622 1624
f 1622 138 1623
f 1624 1623 455
f 1622 1623 1624
f 448 1625 1600
f 1625 455 1626
f 1600 1626 49
f 1625 1626 1600
f 454 1624 1621
f 1624 455 1625
f 1621 1625 448
f 1624 1625 1621
f 137 1613 1607
f 1613 453 1627
f 1607 1627 450
f 1613 1627 1607
f 453 1619 1628
f 1619 138 1622
f 1628 1622 454
f 1619 1622 1628
f 450 1629 1610
f 1629 454 1620
f 1610 1620 136
f 1629 1620 1610
f 453 1628 1627
f 1628 454 1629
f 1627 1629 450
f 1628 1629 1627
f 45 1630 1615
f 1630 456 1631
f 1615 1631 452
f 1630 1631 1615
f 456 1632 1634
f 1632 139 1633
f 1634 1633 457
f 1632 1633 1634
f 452 1635 1618
f 1635 457 1636
f 1618 1636 138
f 1635 1636 1618
f 456 1634 1631
f 1634 457 1635
f 1631 1635 452
f 1634 1635 1631
f 139 1637 1639
f 1637 458 1638
f 1639 1638 460
f 1637 1638 1639
f 458 1640 1642
f 1640 46 1641
f 1642 1641 459
f 1640 1641 1642
f 460 1643 1645
f 1643 459 1644
f 1645 1644 140
f 1643 1644 1645
f 458 1642 1638
f 1642 459 1643
f 1638 1643 460
f 1642 1643 1638
f 138 1646 1623
f 1646 461 1647
f 1623 1647 455
f 1646 1647 1623
f 461 1648 1650
f 1648 140 1649
f 1650 1649 462
f 1648 1649 1650
f 455 1651 1626
f 1651 462 1652
f 1626 1652 49
f 1651 1652 1626
f 461 1650 1647
f 1650 462 1651
f 1647 1651 455
f 1650 1651 1647
f 139 1639 1633
f 1639 460 1653
f 1633 1653 457
f 1639 1653 1633
f 460 1645 1654
f 1645 140 1648
f 1654 1648 461
f 1645 1648 1654
f 457 1655 1636
f 1655 461 1646
f 1636 1646 138
f 1655 1646 1636
f 460 1654 1653
f 1654 461 1655
f 1653 1655 457
f 1654 1655 1653
f 46 1656 1641
f 1656 463 1657
f 1641 1657 459
f 1656 1657 1641
f 463 1658 1660
f 1658 141 1659
f 1660 1659 464
f 1658 1659 1660
f 459 1661 1644
f 1661 464 1662
f 1644 1662 140
f 1661 1662 1644
f 463 1660 1657
f 1660 464 1661
f 1657 1661 459
f 1660 1661 1657
f 141 1663 1665
f 1663 465 1664
f 1665 1664 467
f 1663 1664 1665
f 465 1666 1668
f 1666 47 1667
f 1668 1667 466
f 1666 1667 1668
f 467 1669 1671
f 1669 466 1670
f 1671 1670 142
f 1669 1670 1671
f 465 1668 1664
f 1668 466 1669
f 1664 1669 467
f 1668 1669 1664
f 140 1672 1649
f 1672 468 1673
f 1649 1673 462
f 1672 1673 1649
f 468 1674 1676
f 1674 142 1675
f 1676 1675 469
f 1674 1675 1676
f 462 1677 1652
f 1677 469 1678
f 1652 1678 49
f 1677 1678 1652
f 468 1676 1673
f 1676 469 1677
f 1673 1677 462
f 1676 1677 1673
f 141 1665 1659
f 1665 467 1679
f 1659 1679 464
f 1665 1679 1659
f 467 1671 1680
f 1671 142 1674
f 1680 1674 468
f 1671 1674 1680
f 464 1681 1662
f 1681 468 1672
f 1662 1672 140
f 1681 1672 1662
f 467 1680 1679
f 1680 468 1681
f 1679 1681 464
f 1680 1681 1679
f 47 1682 1667
f 1682 470 1683
f 1667 1683 466
f 1682 1683 1667
f 470 1684 1686
f 1684 143 1685
f 1686 1685 471
f 1684 1685 1686
f 466 1687 1670
f 1687 471 1688
f 1670 1688 142
f 1687 1688 1670
f 470 1686 1683
f 1686 471 1687
f 1683 1687 466
f 1686 1687 1683
f 143 1689 1691
f 1689 472 1690
f 1691 1690 474
f 1689 1690 1691
f 472 1692 1694
f 1692 48 1693
f 1694 1693 473
f 1692 1693 1694
f 474 1695 1697
f 1695 473 1696
f 1697 1696 144
f 1695 1696 1697
f 472 1694 1690
f 1694 473 1695
f 1690 1695 474
f 1694 1695 1690
f 142 1698 1675
f 1698 475 1699
f 1675 1699 469
f 1698 1699 1675
f 475 1700 1702
f 1700 144 1701
f 1702 1701 476
f 1700 1701 1702
f 469 1703 1678
f 1703 476 1704
f 1678 1704 49
f 1703 1704 1678
f 475 1702 1699
f 1702 476 1703
f 1699 1703 469
f 1702 1703 1699
f 143 1691 1685
f 1691 474 1705
f 1685 1705 471
f 1691 1705 1685
f 474 1697 1706
f 1697 144 1700
f 1706 1700 475
f 1697 1700 1706
f 471 1707 1688
f 1707 475 1698
f 1688 1698 142
f 1707 1698 1688
f 474 1706 1705
f 1706 475 1707
f 1705 1707 471
f 1706 1707 1705
f 48 1708 1693
f 1708 477 1709
f 1693 1709 473
f 1708 1709 1693
f 477 1710 1712
f 1710 145 1711
f 1712 1711 478
f 1710 1711 1712
f 473 1713 1696
f 1713 478 1714
f 1696 1714 144
f 1713 1714 1696
f 477 1712 1709
f 1712 478 1713
f 1709 1713 473
f 1712 1713 1709
f 145 1715 1717
f 1715 479 1716
f 1717 1716 480
f 1715 1716 1717
f 479 1718 1719
f 1718 1 484
f 1719 484 148
f 1718 484 1719
f 480 1720 1721
f 1720 148 490
f 1721 490 52
f 1720 490 1721
f 479 1719 1716
f 1719 148 1720
f 1716 1720 480
f 1719 1720 1716
f 144 1722 1701
f 1722 481 1723
f 1701 1723 476
f 1722 1723 1701
f 481 1724 1725
f 1724 52 502
f 1725 502 154
f 1724 502 1725
f 476 1726 1704
f 1726 154 508
f 1704 508 49
f 1726 508 1704
f 481 1725 1723
f 1725 154 1726
f 1723 1726 476
f 1725 1726 1723
f 145 1717 1711
f 1717 480 1727
f 1711 1727 478
f 1717 1727 1711
f 480 1721 1728
f 1721 52 1724
f 1728 1724 481
f 1721 1724 1728
f 478 1729 1714
f 1729 481 1722
f 1714 1722 144
f 1729 1722 1714
f 480 1728 1727
f 1728 481 1729
f 1727 1729 478
f 1728 1729 1727
